,co2,co2_detrended,rising
1958-03-29,316.1,0.33173315343884724,True
1958-04-05,317.3,1.524894697365255,True
1958-04-12,317.6,1.8180254614364912,True
1958-04-19,317.5,1.7111254720549027,True
1958-04-26,316.4,0.604194755612184,False
1958-05-03,316.9,1.0972333384893318,False
1958-05-10,317.2,1.3902412470565082,True
1958-05-17,317.5,1.683218507673189,True
1958-05-24,317.9,2.0761651466880267,True
1958-05-31,317.54999999999995,1.7190811904390557,False
1958-06-07,317.2,1.3619666652535898,False
1958-06-14,316.85,1.0048215974480286,False
1958-06-21,316.5,0.6476460133280852,False
1958-06-28,316.15,0.29043993918884325,False
1958-07-05,315.8,-0.06679659868535737,False
1958-07-12,315.8,-0.07406357402106778,False
1958-07-19,315.4,-0.4813609605554916,False
1958-07-26,315.5,-0.38868873203654175,False
1958-08-02,315.6,-0.29604686222290866,False
1958-08-09,315.1,-0.803435324883992,False
1958-08-16,315.0,-0.9108540938000829,False
1958-08-23,314.55,-1.3683031427619312,False
1958-08-30,314.1,-1.8257824455712353,False
1958-09-06,313.5,-2.4332919760404366,False
1958-09-13,313.44444444444446,-2.4963872635481152,False
1958-09-20,313.3888888888889,-2.559512726372702,False
1958-09-27,313.3333333333333,-2.6226683383587783,False
1958-10-04,313.27777777777777,-2.685854073361611,False
1958-10-11,313.22222222222223,-2.7490699052473246,False
1958-10-18,313.1666666666667,-2.8123158078927872,False
1958-10-25,313.1111111111111,-2.87559175518561,False
1958-11-01,313.05555555555554,-2.938897721024034,True
1958-11-08,313.0,-3.0022336793171007,True
1958-11-15,313.2,-2.810044048429063,True
1958-11-22,313.5,-2.5178843578460715,True
1958-11-29,314.0,-2.025754581509318,True
1958-12-06,314.5,-1.5336546933708064,True
1958-12-13,314.4,-1.6415846673934311,True
1958-12-20,314.7,-1.3495444775505234,True
1958-12-27,315.2,-0.8575340978263739,True
1959-01-03,315.2,-0.8655535022160166,True
1959-01-10,315.5,-0.5736026647250583,True
1959-01-17,315.6,-0.48168155937008805,True
1959-01-24,315.8,-0.2897901601781996,True
1959-01-31,315.4,-0.6979284411874005,True
1959-02-07,316.15,0.04390362355366051,True
1959-02-14,316.9,0.7857060599855572,True
1959-02-21,316.6,0.47747889403819954,True
1959-02-28,316.6,0.46922215163061765,True
1959-03-07,316.8,0.6609358586711096,False
1959-03-14,316.75,0.6026200410573779,False
1959-03-21,316.7,0.5442747246763133,True
1959-03-28,316.7,0.5358999354040179,True
1959-04-04,317.7,1.5274956991058843,True
1959-04-11,317.1,0.9190620416366073,True
1959-04-18,317.6,1.4105989888400359,True
1959-04-25,318.3,2.1021065665493666,True
1959-05-02,318.2,1.9935848005870866,True
1959-05-09,318.7,2.4850337167648604,True
1959-05-16,318.0,1.77645334088362,False
1959-05-23,318.4,2.167843698733577,False
1959-05-30,318.45,2.209204816094257,False
1959-06-06,318.5,2.250536718734395,False
1959-06-13,318.1,1.8418394324119163,False
1959-06-20,317.8,1.5331129828740586,False
1959-06-27,317.7,1.4243573958573847,False
1959-07-04,316.8,0.5155726970876913,False
1959-07-11,316.8,0.5067589122799632,False
1959-07-18,316.4,0.09791606713844203,False
1959-07-25,316.1,-0.21095581264313523,False
1959-08-01,315.6,-0.7198567013821844,False
1959-08-08,314.9,-1.4287865734066258,False
1959-08-15,314.95,-1.3877454030549075,False
1959-08-22,315.0,-1.3467331646766638,False
1959-08-29,314.1,-2.2557498326319205,False
1959-09-05,314.4,-1.9647953812916512,False
1959-09-12,313.9,-2.4738697850374933,False
1959-09-19,313.5,-2.882973018261737,False
1959-09-26,313.5,-2.8921050553675514,False
1959-10-03,313.0,-3.401265870768839,False
1959-10-10,313.1,-3.3104554388901306,True
1959-10-17,313.4,-3.0196737341668154,True
1959-10-24,313.4,-3.0289207310448774,True
1959-10-31,314.1,-2.3381964039812146,True
1959-11-07,314.4,-2.0475007274434347,True
1959-11-14,314.8,-1.656833675909695,True
1959-11-21,315.2,-1.266195223869147,True
1959-11-28,315.1,-1.3755853458214915,True
1959-12-05,315.0,-1.485004016277344,True
1959-12-12,315.6,-0.8944512097579036,True
1959-12-19,315.8,-0.7039269007951816,True
1959-12-26,315.7,-0.8134310639319438,True
1960-01-02,315.7,-0.822963673721631,True
1960-01-09,316.4,-0.1325247047284961,True
1960-01-16,316.7,0.15788586847253328,True
1960-01-23,316.5,-0.051731928704327856,True
1960-01-30,316.6,0.038621929144596834,True
1960-02-06,316.6,0.028947467412024253,True
1960-02-13,316.9,0.31924471147993927,True
1960-02-20,317.4,0.8095136867199244,True
1960-02-27,317.0,0.3997544184924209,True
1960-03-05,316.9,0.28996693214725155,True
1960-03-12,317.7,1.0801512530236437,True
1960-03-19,318.0,1.3703074064498537,True
1960-03-26,317.7,1.0604354177435766,True
1960-04-02,318.6,1.9505353122117413,True
1960-04-09,319.3,2.640607115150374,True
1960-04-16,319.0,2.3306508518449505,True
1960-04-23,319.0,2.3206665475701698,True
1960-04-30,319.7,3.010654227589896,True
1960-05-07,319.9,3.2006139171573977,True
1960-05-14,319.8,3.0905456415151207,True
1960-05-21,320.0,3.2804494258946306,True
1960-05-28,320.0,3.2703252955170683,False
1960-06-04,319.4,2.6601732755925127,False
1960-06-11,320.0,3.2499933913205723,False
1960-06-18,319.4,2.639785667889896,False
1960-06-25,319.0,2.2295501304786285,False
1960-07-02,318.1,1.3192868042538635,False
1960-07-09,318.6,1.8089957143722017,False
1960-07-16,318.4,1.598676885979387,False
1960-07-23,317.9,1.088330344210533,False
1960-07-30,317.3,0.47795611418996486,False
1960-08-06,316.6,-0.2324457789688381,False
1960-08-13,316.7,-0.14287531016310595,False
1960-08-20,315.1,-1.7533324543006188,False
1960-08-27,314.7,-2.1638171863001503,False
1960-09-03,314.7,-2.1743294810910356,False
1960-09-10,314.5,-2.3848693136134216,False
1960-09-17,314.2,-2.6954366588182097,False
1960-09-24,313.3,-3.606031491667011,False
1960-10-01,313.6,-3.316653787132168,False
1960-10-08,313.3,-3.627303520196847,True
1960-10-15,313.9,-3.0379806658548887,True
1960-10-22,314.2,-2.7486851991108097,True
1960-10-29,314.2,-2.7594170949799377,True
1960-11-05,314.5,-2.470176328488378,True
1960-11-12,315.1,-1.880962874672889,True
1960-11-19,315.1,-1.8917767085811192,True
1960-11-26,315.4,-1.6026178052713362,True
1960-12-03,315.8,-1.213486139812403,True
1960-12-10,316.0,-1.02438168728429,True
1960-12-17,316.2,-0.8353044227774262,True
1960-12-24,316.4,-0.6462543213930303,True
1960-12-31,316.6,-0.4572313582430638,True
1961-01-07,316.7,-0.36823550845036834,True
1961-01-14,317.0,-0.079266747148381,True
1961-01-21,317.0,-0.09032504948123687,True
1961-01-28,317.0,-0.10141039060397361,True
1961-02-04,317.0,-0.1125227456822131,True
1961-02-11,317.7,0.5763379101074975,True
1961-02-18,317.9,0.7651716015781176,True
1961-02-25,318.0,0.8539783535317156,True
1961-03-04,318.0,0.8427581907595254,True
1961-03-11,318.5,1.3315111380422877,True
1961-03-18,318.9,1.7202372201497838,True
1961-03-25,318.7,1.5089364618411878,True
1961-04-01,319.4,2.197608887864817,True
1961-04-08,319.5,2.286254522958359,True
1961-04-15,318.9,1.6748733918487346,True
1961-04-22,319.7,2.463465519252111,True
1961-04-29,319.6,2.3520309298738766,True
1961-05-06,320.6,3.340569648408689,True
1961-05-13,320.4,3.1290816995405066,True
1961-05-20,320.6,3.3175671079425797,False
1961-05-27,320.3,3.0060258982773576,False
1961-06-03,320.0,2.6944580951964667,False
1961-06-10,320.0,2.6828637233409722,False
1961-06-17,319.6,2.271242807341139,False
1961-06-24,319.4,2.0595953718163287,False
1961-07-01,319.2,1.8479214413754903,False
1961-07-08,319.0,1.6362210406164763,False
1961-07-15,318.4,1.024494194126646,False
1961-07-22,317.1,-0.28725907351741853,False
1961-07-29,317.9,0.5009612622499162,False
1961-08-05,317.9,0.4891552259837795,False
1961-08-12,317.3,-0.12267715777136345,False
1961-08-19,316.7,-0.7345358644821545,False
1961-08-26,315.2,-2.2464208696256946,False
1961-09-02,315.2,-2.258332148689817,False
1961-09-09,314.9,-2.5702696771732576,False
1961-09-16,314.5,-2.9822334305853246,True
1961-09-23,315.0,-2.4942233844462294,True
1961-09-30,315.6,-1.9062395142867672,True
1961-10-07,314.9,-2.61828179564867,True
1961-10-14,315.4,-2.130350204084152,True
1961-10-21,315.4,-2.142444715156387,True
1961-10-28,315.7,-1.8545653044391202,True
1961-11-04,315.8,-1.766711947516967,True
1961-11-11,315.7,-1.8788846199852856,True
1961-11-18,316.2,-1.391083297450109,True
1961-11-25,316.5,-1.1033079555281802,True
1961-12-02,316.5,-1.11555856984711,True
1961-12-09,317.0,-0.6278351160451052,True
1961-12-16,316.9,-0.7401375697712069,True
1961-12-23,317.1,-0.5524659066851427,True
1961-12-30,317.4,-0.2648201024575201,True
1962-01-06,317.9,0.2227998672305489,True
1962-01-13,318.1,0.4103940266871291,True
1962-01-20,318.0,0.29796240020931464,True
1962-01-27,317.7,-0.01449498791617998,True
1962-02-03,318.0,0.27302188658632076,True
1962-02-10,318.3,0.5605130479819991,True
1962-02-17,318.9,1.1479785205250437,True
1962-02-24,319.3,1.5354183284591727,True
1962-03-03,319.2,1.4228324960171221,True
1962-03-10,319.4,1.610221047421021,True
1962-03-17,319.9,2.0975840068822436,True
1962-03-24,319.7,1.8849213986014206,True
1962-03-31,320.2,2.37223324676836,True
1962-04-07,320.2,2.359519575562274,True
1962-04-14,321.0,3.1467804091515745,True
1962-04-21,320.7,2.834015771693771,True
1962-04-28,320.3,2.4212256873360047,True
1962-05-05,320.8,2.9084101802142186,True
1962-05-12,320.7,2.79556927445401,True
1962-05-19,321.0,3.082702994170006,True
1962-05-26,321.1,3.169811363466181,False
1962-06-02,320.9,2.9568944064356515,False
1962-06-09,320.8,2.843952147161076,False
1962-06-16,320.5,2.5309846097140962,False
1962-06-23,320.1,2.1179918181556445,False
1962-06-30,320.2,2.2049737965360237,False
1962-07-07,320.1,2.0919305688947816,False
1962-07-14,319.9,1.8788621592605637,False
1962-07-21,319.0,0.9657685916515675,False
1962-07-28,318.7,0.6526498900749971,False
1962-08-04,318.6,0.5395060785273813,False
1962-08-11,317.2,-0.8736628190054603,False
1962-08-18,317.4,-0.6868567785484743,False
1962-08-25,317.2,-0.9000757761372711,False
1962-09-01,317.0,-1.1133197878182841,False
1962-09-08,316.8,-1.3265887896486674,False
1962-09-15,316.6,-1.5398827576963754,False
1962-09-22,315.7,-2.4532016680400943,False
1962-09-29,315.9,-2.2665454967690266,False
1962-10-06,315.1,-3.0799142199833227,False
1962-10-13,315.4,-2.7933078137940015,True
1962-10-20,315.7,-2.506726254322473,True
1962-10-27,315.7,-2.520169517701163,True
1962-11-03,315.9,-2.333637580073116,True
1962-11-10,316.4,-1.8471304175922114,True
1962-11-17,316.9,-1.3606480064229345,True
1962-11-24,317.0,-1.2741903227405942,True
1962-12-01,317.1,-1.1877573427312882,True
1962-12-08,317.3,-1.0013490425917553,True
1962-12-15,317.6,-0.7149653985295572,True
1962-12-22,318.1,-0.22860638676291956,True
1962-12-29,318.3,-0.042271983520834056,True
1963-01-05,318.5,0.1440378349569187,True
1963-01-12,318.7,0.33032309241986013,True
1963-01-19,318.9,0.5165838126068252,True
1963-01-26,318.8,0.4028200192458371,True
1963-02-02,318.7,0.28903173605408483,True
1963-02-09,318.9,0.47521898673824126,True
1963-02-16,319.1,0.6613817949940994,True
1963-02-23,319.3,0.8475201845067204,True
1963-03-02,319.3,0.8336341789503763,True
1963-03-09,319.7,1.2197238019887209,True
1963-03-16,319.8,1.3057890772745964,True
1963-03-23,320.3,1.7918300284501356,True
1963-03-30,320.2,1.6778466791466258,True
1963-04-06,320.3,1.7638390529848493,True
1963-04-13,320.9,2.349807173574561,True
1963-04-20,322.0,3.4357510645149887,True
1963-04-27,321.9,3.321670749394457,True
1963-05-04,321.9,3.3075662517907176,True
1963-05-11,321.9,3.293437595270632,True
1963-05-18,322.2,3.5792848033904647,False
1963-05-25,322.2,3.565107899695647,False
1963-06-01,322.3,3.6509069077208096,False
1963-06-08,322.0,3.336681850989976,False
1963-06-15,321.8,3.122432753016369,False
1963-06-22,320.8,2.1081596373024922,False
1963-06-29,320.4,1.693862527340002,False
1963-07-06,320.1,1.3795414466100624,False
1963-07-13,319.8,1.0651964185827865,False
1963-07-20,319.5,0.7508274667177375,False
1963-07-27,319.0,0.23643461446368974,False
1963-08-03,318.6,-0.17798211474121217,False
1963-08-10,318.2,-0.5924226974698854,False
1963-08-17,317.7,-1.1068871103055358,False
1963-08-24,317.1,-1.7213753298424308,False
1963-08-31,316.4,-2.4358873326855246,False
1963-09-07,316.8,-2.0504230954504123,False
1963-09-14,315.9,-2.964982594763626,False
1963-09-21,316.0,-2.879565807262111,False
1963-09-28,315.9,-2.994172709593954,True
1963-10-05,316.2,-2.7088032784176335,True
1963-10-12,315.6,-3.323457490402518,True
1963-10-19,316.1,-2.8381353222287657,True
1963-10-26,316.3,-2.652836750587255,True
1963-11-02,316.6,-2.3675617521794834,True
1963-11-09,316.8,-2.182310303717884,True
1963-11-16,317.1,-1.8970823819253724,True
1963-11-23,317.3,-1.7118779635358692,True
1963-11-30,317.5,-1.5266970252939132,True
1963-12-07,318.0,-1.041539543954741,True
1963-12-14,318.2,-0.8564054962844239,True
1963-12-21,318.5,-0.5712948590597193,True
1963-12-28,318.7,-0.38620760906809437,True
1964-01-04,319.0,-0.10114372310783892,True
1964-01-11,319.4,0.28389682201202504,True
1964-01-18,319.8,0.6689140494718231,True
1964-01-25,319.91578947368424,0.7696974561253,True
1964-02-01,320.0315789473684,0.8704575914469501,True
1964-02-08,320.14736842105265,0.9711944785849482,True
1964-02-15,320.2631578947369,1.0719081406765554,True
1964-02-22,320.37894736842105,1.1725986008482323,True
1964-02-29,320.4947368421053,1.2732658822159237,True
1964-03-07,320.61052631578946,1.3739100078846604,True
1964-03-14,320.7263157894737,1.4745310009488435,True
1964-03-21,320.8421052631579,1.5751288844920737,True
1964-03-28,320.9578947368421,1.6757036815870947,True
1964-04-04,321.0736842105263,1.7762554152961911,True
1964-04-11,321.18947368421055,1.8767841086706767,True
1964-04-18,321.30526315789473,1.9772897847511217,True
1964-04-25,321.42105263157896,2.0777724665675805,True
1964-05-02,321.53684210526313,2.17823217713908,True
1964-05-09,321.65263157894736,2.278668939474187,True
1964-05-16,321.7684210526316,2.379082776570442,True
1964-05-23,321.88421052631577,2.479473711414812,True
1964-05-30,322.0,2.5798417669835203,True
1964-06-06,322.0,2.564397492557873,False
1964-06-13,321.8333333333333,2.382263718109982,False
1964-06-20,321.6666666666667,2.2001071332506967,False
1964-06-27,321.5,2.0179277609130963,False
1964-07-04,321.1,1.6023922906863959,False
1964-07-11,319.9,0.3868340788156388,False
1964-07-18,320.2,0.6712531482019699,False
1964-07-25,320.0,0.45564952173555184,False
1964-08-01,319.1,-0.4599767777040711,False
1964-08-08,318.85,-0.7256257272480298,False
1964-08-15,318.6,-0.991297304038369,False
1964-08-22,318.2,-1.4069914852277634,False
1964-08-29,318.1,-1.5227082479795513,False
1964-09-05,317.4,-2.2384475694680077,False
1964-09-12,316.5,-3.1542094268779124,False
1964-09-19,315.5,-4.169993797405027,False
1964-09-26,317.0,-2.6858006582557437,True
1964-10-03,316.9,-2.8016299866471286,True
1964-10-10,316.5,-3.217481759807015,True
1964-10-17,316.8,-2.933355954974104,True
1964-10-24,317.0,-2.7492525493976814,True
1964-10-31,317.6,-2.1651715203378785,True
1964-11-07,317.7,-2.0811128450656042,True
1964-11-14,317.6,-2.197076500862238,True
1964-11-21,317.5,-2.3130624650202662,True
1964-11-28,318.1,-1.729070714842635,True
1964-12-05,318.4,-1.4451012276432493,True
1964-12-12,318.5,-1.3611539807465078,True
1964-12-19,318.9,-0.9772289514878025,True
1964-12-26,318.9,-0.993326117213087,True
1965-01-02,319.0,-0.9094454552790694,True
1965-01-09,319.1,-0.8255869430532812,True
1965-01-16,319.1,-0.8417505579140538,True
1965-01-23,319.7,-0.2579362772503373,True
1965-01-30,320.1,0.12585592153828884,True
1965-02-06,320.2,0.20962606104120596,True
1965-02-13,320.1,0.09337416383738173,True
1965-02-20,320.7,0.6771002524946539,True
1965-02-27,320.8,0.7608043495705488,True
1965-03-06,321.0,0.9444864776115196,True
1965-03-13,320.9,0.8281466591533899,True
1965-03-20,320.4,0.3117849167214217,True
1965-03-27,321.4,1.2954012728297926,True
1965-04-03,321.9,1.7789957499822435,True
1965-04-10,322.2,2.062568370671613,True
1965-04-17,322.1,1.9461191573800534,True
1965-04-24,321.8,1.6296481325788363,False
1965-05-01,322.4,2.2131553187287523,False
1965-05-08,322.2,1.9966407382797229,False
1965-05-15,321.9,1.680104413670847,False
1965-05-22,321.6,1.3635463673306276,False
1965-05-29,322.2,1.9469666216766086,False
1965-06-05,321.8,1.5303651991159768,True
1965-06-12,321.7,1.4137421220447663,True
1965-06-19,321.7,1.3970974128484954,True
1965-06-26,321.9,1.5804310939019501,False
1965-07-03,321.9,1.5637431875690595,False
1965-07-10,321.8,1.4470337162031228,False
1965-07-17,321.7,1.3303027021465255,False
1965-07-24,320.4,0.013550167731182228,False
1965-07-31,319.4,-1.0032238647219174,False
1965-08-07,319.4,-1.0200193729024818,False
1965-08-14,318.0,-2.4368363345109856,False
1965-08-21,318.8,-1.6536747272586467,False
1965-08-28,318.7,-1.7705345288673584,False
1965-09-04,318.3,-2.1874157170697686,False
1965-09-11,318.0,-2.504318269609371,False
1965-09-18,318.2,-2.3212421642402887,False
1965-09-25,316.8,-3.738187378727332,False
1965-10-02,316.6,-3.9551538908462476,False
1965-10-09,317.2,-3.3721416783834,True
1965-10-16,317.8,-2.7891507191358187,True
1965-10-23,317.5,-3.1061809909114686,True
1965-10-30,317.6,-3.0232324715288996,True
1965-11-06,318.3,-2.3403051388174276,True
1965-11-13,319.2,-1.4573989706171915,True
1965-11-20,318.9,-1.7745139447789597,True
1965-11-27,319.1,-1.5916500391642217,True
1965-12-04,319.0,-1.7088072316454372,True
1965-12-11,319.3,-1.4259855001055257,True
1965-12-18,319.3,-1.4431848224383543,True
1965-12-25,319.7,-1.0604051765484428,True
1966-01-01,319.6,-1.1776465403509064,True
1966-01-08,320.4,-0.3949088917719905,True
1966-01-15,320.6,-0.21219220874814937,True
1966-01-22,321.0,0.17050353077286218,True
1966-01-29,321.1,0.2531783488329893,True
1966-02-05,321.2,0.33583226746316086,True
1966-02-12,321.7,0.8184653086837557,True
1966-02-19,321.6,0.7010774945043181,True
1966-02-26,321.8,0.8836688469236265,True
1966-03-05,322.1,1.1662393879297497,True
1966-03-12,322.1,1.1487891395000247,True
1966-03-19,322.5,1.5313181236010678,True
1966-03-26,322.8,1.8138263621887631,True
1966-04-02,323.5,2.496313877208138,True
1966-04-09,323.6,2.5787806905936463,True
1966-04-16,323.8,2.7612268242688174,True
1966-04-23,323.9,2.843652300146573,True
1966-04-30,323.5,2.42605714012916,True
1966-05-07,324.0,2.9084413661078656,True
1966-05-14,324.1,2.9908049999634727,True
1966-05-21,323.7,2.573148063565725,True
1966-05-28,324.3,3.155470578774043,False
1966-06-04,324.0,2.837772567436673,False
1966-06-11,323.8,2.6200540513914916,False
1966-06-18,323.7,2.502315052465292,False
1966-06-25,323.3,2.0845555924744303,False
1966-07-02,322.8,1.566775693224315,False
1966-07-09,322.9,1.6489753765097248,False
1966-07-16,322.5,1.2311546641146833,False
1966-07-23,322.1,0.813313577812437,False
1966-07-30,321.7,0.3954521393654886,False
1966-08-06,321.3,-0.02242962947440219,False
1966-08-13,320.8,-0.5403317069661284,False
1966-08-20,319.1,-2.2582540713793833,False
1966-08-27,319.6,-1.776196700994717,False
1966-09-03,319.9,-1.4941595741032643,False
1966-09-10,318.2,-3.2121426690068233,False
1966-09-17,318.4,-3.0301459640182316,False
1966-09-24,318.3,-3.1481694374607514,False
1966-10-01,317.9,-3.5662130676686274,False
1966-10-08,317.9,-3.5842768329866885,True
1966-10-15,318.2,-3.3023607117705183,True
1966-10-22,318.6,-2.92046468238658,True
1966-10-29,318.3,-3.238588723211933,True
1966-11-05,318.9,-2.6567328126344023,True
1966-11-12,319.5,-2.0748969290526134,True
1966-11-19,320.0,-1.59308105087581,True
1966-11-26,320.2,-1.4112851565241726,True
1966-12-03,320.8,-0.8295092244284206,True
1966-12-10,320.8,-0.8477532330301187,True
1966-12-17,321.1,-0.5660171607815982,True
1966-12-24,321.3,-0.3843009861458313,True
1966-12-31,321.3,-0.4026046875966358,True
1967-01-07,321.9,0.179071756381461,True
1967-01-14,322.9,1.1607283672933022,True
1967-01-21,322.6333333333333,0.8756984999661768,True
1967-01-28,322.3666666666667,0.5906488425500243,True
1967-02-04,322.1,0.3055794165173893,False
1967-02-11,322.2,0.38715690999663366,False
1967-02-18,322.8,0.9687146777723115,True
1967-02-25,322.6,0.7502527412846121,True
1967-03-04,322.9,1.031771121963061,True
1967-03-11,322.6,0.7132698412266336,True
1967-03-18,323.3,1.3947489204832664,True
1967-03-25,323.2,1.2762083811303455,True
1967-04-01,323.1,1.1576482445545366,True
1967-04-08,324.2,2.2390685321316255,True
1967-04-15,324.4,2.4204692652267568,True
1967-04-22,324.6,2.6018504651944454,True
1967-04-29,325.1,3.083212153378156,True
1967-05-06,325.2,3.1645543511107803,True
1967-05-13,324.7,2.645877079714637,False
1967-05-20,325.0,2.9271803605010405,False
1967-05-27,324.9,2.808464214770652,False
1967-06-03,324.9,2.7897286638134915,False
1967-06-10,324.6,2.4709737289087457,False
1967-06-17,323.3,1.1521994313247887,False
1967-06-24,323.5,1.333405792319411,False
1967-07-01,322.8,0.6145928331396249,False
1967-07-08,322.8,0.5957605750215862,False
1967-07-15,322.4,0.17690903919077527,False
1967-07-22,322.4,0.15803824686202006,False
1967-07-29,322.0,-0.26085178076061766,False
1967-08-05,321.6,-0.6797610224839445,False
1967-08-12,321.4,-0.8986894571254993,False
1967-08-19,320.4,-1.9176370635133253,False
1967-08-26,320.0,-2.3366038204864594,False
1967-09-02,320.0,-2.355589706894534,False
1967-09-09,319.4,-2.9745947015981073,False
1967-09-16,319.3,-3.0936187834681164,False
1967-09-23,319.0,-3.412661931386708,False
1967-09-30,318.8,-3.631724124246432,True
1967-10-07,318.8,-3.650805340950626,True
1967-10-14,319.8,-2.669905560413497,True
1967-10-21,319.4,-3.0890247615599264,True
1967-10-28,319.8,-2.7081629233254034,True
1967-11-04,320.0,-2.527320024656433,True
1967-11-11,320.3,-2.2464960445099678,True
1967-11-18,320.9,-1.6656909618540112,True
1967-11-25,321.5,-1.084904755666912,True
1967-12-02,321.4,-1.2041374049381943,True
1967-12-09,321.8,-0.8233888886677505,True
1967-12-16,322.2,-0.44265918586654607,True
1967-12-23,321.9,-0.7619482755559375,True
1967-12-30,322.3,-0.38125613676828607,True
1968-01-06,322.4,-0.30058274854661704,True
1968-01-13,322.5,-0.21992808994463076,True
1968-01-20,322.5,-0.2392921400269188,True
1968-01-27,322.8,0.04132512213141126,True
1968-02-03,322.6,-0.17807628255576446,True
1968-02-10,323.1,0.302503666814971,True
1968-02-17,323.4,0.5830649911359842,True
1968-02-24,323.1,0.2636077112892963,True
1968-03-02,323.1,0.24413184814579836,True
1968-03-09,323.8,0.9246374225659224,True
1968-03-16,323.8,0.9051244553991751,True
1968-03-23,324.2,1.2855929674843765,True
1968-03-30,324.7,1.7660429796496828,True
1968-04-06,324.7,1.7464745127124388,True
1968-04-13,325.0,2.026887587479223,True
1968-04-20,324.8,1.807282224746018,True
1968-04-27,325.4,2.3876584452978022,True
1968-05-04,325.6,2.568016269909151,True
1968-05-11,325.0,1.9483557193435104,True
1968-05-18,325.5,2.4286768143539916,True
1968-05-25,325.8,2.7089795756826334,False
1968-06-01,325.6,2.489264024060958,False
1968-06-08,325.7,2.569530180209597,False
1968-06-15,325.5,2.3497780648385174,False
1968-06-22,324.9,1.7300076986469435,False
1968-06-29,324.6,1.4102191023233672,False
1968-07-06,324.7,1.4904122965454576,False
1968-07-13,324.1,0.8705873019803221,False
1968-07-20,323.9,0.6507441392840292,False
1968-07-27,323.4,0.1308828291022337,False
1968-08-03,322.4,-0.8889966079303235,False
1968-08-10,322.2,-1.108894151189645,False
1968-08-17,322.0,-1.3288097800624428,False
1968-08-24,321.7,-1.6487434739461264,False
1968-08-31,321.4,-1.9686952122489174,False
1968-09-07,320.4,-2.988664974389792,False
1968-09-14,321.1,-2.3086527397982763,False
1968-09-21,319.7,-3.728658487915027,False
1968-09-28,319.8,-3.6486821981909543,False
1968-10-05,320.5,-2.968723850088111,True
1968-10-12,320.5,-2.9887834230790986,True
1968-10-19,320.2,-3.308860896647218,True
1968-10-26,319.9,-3.6289562502867057,True
1968-11-02,320.7,-2.84906946350236,True
1968-11-09,320.8,-2.7692005158097004,True
1968-11-16,321.4,-2.189349386735273,True
1968-11-23,321.7,-1.9095160558159137,True
1968-11-30,322.0,-1.6297005025996327,True
1968-12-07,322.4,-1.249902706644889,True
1968-12-14,322.9,-0.7701226475210206,True
1968-12-21,323.3,-0.39036030480798445,True
1968-12-28,323.1,-0.6106156580967195,True
1969-01-04,323.3,-0.43088868698868055,True
1969-01-11,324.0,0.24882062890395673,True
1969-01-18,324.3,0.528512309958046,True
1969-01-25,324.1,0.30818637653999303,True
1969-02-01,324.1,0.2878428490051874,True
1969-02-08,323.9,0.06748174769842308,True
1969-02-15,324.3,0.447103092953796,True
1969-02-22,324.8,0.9267069050945906,True
1969-03-01,325.1,1.2062932044333365,True
1969-03-08,325.5,1.5858620112717858,True
1969-03-15,325.7,1.7654133459011518,True
1969-03-22,325.9,1.9449472286016203,True
1969-03-29,325.8,1.8244636796429177,True
1969-04-05,326.2,2.2039627192837656,True
1969-04-12,327.1,3.0834443677724153,True
1969-04-19,326.5,2.46290864534609,True
1969-04-26,326.5,2.44235557223152,True
1969-05-03,327.5,3.421785168644533,True
1969-05-10,327.8,3.7011974547903606,False
1969-05-17,326.8,2.680592450863344,True
1969-05-24,326.9,2.75997017704708,False
1969-05-31,327.4,3.239330653514685,False
1969-06-07,326.5,2.318673900428223,False
1969-06-14,326.7,2.4979999379390847,False
1969-06-21,326.7,2.477308786188132,False
1969-06-28,326.3,2.0566004653052232,False
1969-07-05,326.1,1.835874995409597,False
1969-07-12,326.0,1.7151323966097038,False
1969-07-19,325.7,1.3943726890033759,False
1969-07-26,325.4,1.073595892677531,False
1969-08-02,324.5,0.15280202770856022,False
1969-08-09,324.5,0.13199111416184905,False
1969-08-16,323.1,-1.2888368279078009,False
1969-08-23,322.5,-1.9096817784563314,False
1969-08-30,323.1,-1.3305437174503822,False
1969-09-06,322.2,-2.25142262486753,False
1969-09-13,322.7,-1.7723184806957875,False
1969-09-20,322.8,-1.6932312649341839,False
1969-09-27,321.9,-2.6141609575923894,False
1969-10-04,321.5,-3.0351075386906814,False
1969-10-11,321.8,-2.756070988260376,False
1969-10-18,322.0,-2.5770512863432486,True
1969-10-25,321.9,-2.698048412991966,True
1969-11-01,322.2,-2.419062348269847,True
1969-11-08,322.6,-2.040093072251011,True
1969-11-15,322.7,-1.9611405650203437,True
1969-11-22,323.1,-1.58220480667336,True
1969-11-29,323.5,-1.2032857773165233,True
1969-12-06,323.9,-0.8243834570667445,True
1969-12-13,323.9,-0.8454978260519397,True
1969-12-20,324.2,-0.566628864410518,True
1969-12-27,324.5,-0.28777655229191623,True
1970-01-03,324.7,-0.10894086985609874,True
1970-01-10,325.4,0.5698782027261018,True
1970-01-17,325.0,0.148680685273348,True
1970-01-24,324.8,-0.07253340240680473,True
1970-01-31,325.5,0.6062359594827171,True
1970-02-07,325.7,0.7849887907282209,True
1970-02-14,326.0,1.0637251111052137,True
1970-02-21,326.3,1.3424449403785275,True
1970-02-28,326.1,1.1211482983021028,True
1970-03-07,326.8,1.799835204619285,True
1970-03-14,326.8,1.7785056790627323,True
1970-03-21,327.5,2.4571597413541326,True
1970-03-28,326.9,1.8357974112046236,True
1970-04-04,328.2,3.114418708314588,True
1970-04-11,327.8,2.693023652373654,True
1970-04-18,327.8,2.671612263060581,True
1970-04-25,328.5,3.3501845600435445,True
1970-05-02,327.9,2.728740562979908,False
1970-05-09,327.5,2.307280291516406,True
1970-05-16,328.0,2.785803765288847,False
1970-05-23,328.3,3.0643110039223984,False
1970-05-30,327.9,2.6428020270314505,True
1970-06-06,327.5,2.221276854219809,False
1970-06-13,327.8,2.4997355050803094,False
1970-06-20,327.7,2.3781779991951453,False
1970-06-27,327.2,1.8566043561357901,False
1970-07-04,327.2,1.835014595463008,False
1970-07-11,326.2,0.8134087367267284,False
1970-07-18,326.2,0.7917867994662515,False
1970-07-25,325.6,0.17014880320999737,False
1970-08-01,325.2,-0.2515052325242664,False
1970-08-08,325.2,-0.27317528822948134,False
1970-08-15,324.8,-0.6948613444093894,False
1970-08-22,324.8,-0.71656338157851,False
1970-08-29,323.3,-2.2382813802619808,False
1970-09-05,322.9,-2.6600153209957966,False
1970-09-12,323.5,-2.0817651843265708,False
1970-09-19,323.1,-2.5035309508118075,False
1970-09-26,323.1,-2.525312601019607,True
1970-10-03,323.2,-2.4471101155289716,False
1970-10-10,323.5,-2.1689234749294997,False
1970-10-17,322.9,-2.790752659821578,True
1970-10-24,323.0,-2.712597650816292,True
1970-10-31,323.1,-2.634458428535538,True
1970-11-07,323.6,-2.1563349736119903,True
1970-11-14,323.7,-2.078227266688998,True
1970-11-21,324.2,-1.6001352884205744,True
1970-11-28,324.7,-1.1220590194715783,True
1970-12-05,324.7,-1.1439984405176347,True
1970-12-12,325.0,-0.865953532244987,True
1970-12-19,325.2,-0.6879242753507242,True
1970-12-26,325.5,-0.40991065054259934,True
1971-01-02,325.7,-0.23191263853919963,True
1971-01-09,325.8,-0.15393022006981028,True
1971-01-16,325.9,-0.07596337587443713,True
1971-01-23,326.7,0.7019879132961933,True
1971-01-30,326.6,0.5799236666805996,True
1971-02-06,326.5,0.4578439035065003,True
1971-02-13,326.4,0.33574864299089313,True
1971-02-20,326.7,0.6136379043401234,True
1971-02-27,327.0,0.8915117067496681,True
1971-03-06,327.1,0.9693700694044196,True
1971-03-13,327.3,1.1472130114783567,True
1971-03-20,327.0,0.8250405521347943,True
1971-03-27,327.4,1.2028527105263151,True
1971-04-03,327.4,1.180649505794861,True
1971-04-10,327.1,0.8584309570714481,True
1971-04-17,327.7,1.4361970834763724,True
1971-04-24,328.5,2.2139479041193226,True
1971-05-01,328.2,1.8916834380991645,True
1971-05-08,329.0,2.6694037045040773,True
1971-05-15,329.2,2.847108722411349,False
1971-05-22,328.9,2.524798510887763,False
1971-05-29,328.8,2.4024730889891543,False
1971-06-05,328.5,2.0801324757607063,False
1971-06-12,328.8,2.3577766902368467,False
1971-06-19,328.1,1.635405751441283,False
1971-06-26,328.5,2.013019678386968,False
1971-07-03,327.9,1.390618490076065,False
1971-07-10,327.8,1.2682022055001312,False
1971-07-17,327.5,0.9457708436398207,False
1971-07-24,326.2,-0.376675576534808,False
1971-07-31,326.7,0.10086296393541261,False
1971-08-07,326.1,-0.5216135160009117,False
1971-08-14,325.6,-1.044104997406066,False
1971-08-21,325.3,-1.3666114613530453,False
1971-08-28,324.0,-2.689132888925542,False
1971-09-04,323.6,-3.111669261217969,False
1971-09-11,323.5,-3.234220559335597,False
1971-09-18,323.2,-3.556786764394303,False
1971-09-25,323.3,-3.4793678575207423,True
1971-10-02,323.3,-3.501963819852392,True
1971-10-09,322.9,-3.9245746325374284,True
1971-10-16,323.5,-3.347200276734668,True
1971-10-23,323.6,-3.269840733613705,True
1971-10-30,324.4,-2.4924959843551164,True
1971-11-06,324.3,-2.6151660101497782,True
1971-11-13,324.5,-2.437850792199754,True
1971-11-20,325.0,-1.9605503117174976,True
1971-11-27,325.5,-1.4832645499264459,True
1971-12-04,325.3,-1.7059934880605852,True
1971-12-11,325.9,-1.1287371073648274,True
1971-12-18,326.2,-0.8514953890946799,True
1971-12-25,326.3,-0.7742683145164051,True
1972-01-01,326.6,-0.4970558649071677,True
1972-01-08,326.6,-0.5198580215546258,True
1972-01-15,326.6,-0.5426747657573969,True
1972-01-22,326.6,-0.5655060788246828,True
1972-01-29,327.2,0.011648057923423494,True
1972-02-05,327.4,0.1887876631563472,True
1972-02-12,327.9,0.6659127555324744,True
1972-02-19,327.8,0.5430233536995956,True
1972-02-26,327.4,0.12011947629474662,True
1972-03-04,327.5,0.19720114194427651,True
1972-03-11,327.1,-0.2257316307362771,True
1972-03-18,327.7,0.3513211768577662,True
1972-03-25,328.6,1.228359583320696,True
1972-04-01,328.9,1.5053836072356148,True
1972-04-08,329.4,1.9823932671752686,True
1972-04-15,329.8,2.3593885817015234,True
1972-04-22,330.1,2.6363695693653995,True
1972-04-29,330.0,2.513336248707276,True
1972-05-06,330.0,2.4902886382568568,False
1972-05-13,329.7,2.167226756532955,False
1972-05-20,330.1,2.5441506220437873,False
1972-05-27,330.2,2.6210602532866574,False
1972-06-03,329.7,2.097955668748284,False
1972-06-10,329.1,1.4748368869047113,False
1972-06-17,329.0,1.351703926220921,False
1972-06-24,328.5,0.8285568051514929,False
1972-07-01,328.6,0.9053955421400701,False
1972-07-08,328.3,0.582220155619666,False
1972-07-15,327.7,-0.04096933598754049,False
1972-07-22,328.1,0.33582708572998854,False
1972-07-29,327.5,-0.2873905608270775,False
1972-08-05,326.9,-0.9106222572686988,False
1972-08-12,326.6,-1.233867985215511,False
1972-08-19,326.5,-1.3571277262992112,False
1972-08-26,325.0,-2.880401462161842,False
1972-09-02,325.4,-2.503689174456497,False
1972-09-09,325.7,-2.226990844846682,False
1972-09-16,324.8,-3.150306455007012,False
1972-09-23,324.2,-3.7736359866226508,True
1972-09-30,324.2,-3.7969794213894374,True
1972-10-07,324.8,-3.220336741014023,True
1972-10-14,325.5,-2.5437079272139727,True
1972-10-21,325.1,-2.967092961717242,True
1972-10-28,325.8,-2.290491826262837,True
1972-11-04,326.3,-1.8139045026002805,True
1972-11-11,326.1,-2.0373309724900537,True
1972-11-18,326.4,-1.7607712177032226,True
1972-11-25,326.9,-1.2842252200215967,True
1972-12-02,326.9,-1.3076929612377626,True
1972-12-09,327.1,-1.1311744231550165,True
1972-12-16,327.6,-0.6546695875874775,True
1972-12-23,327.9,-0.3781784363600309,True
1972-12-30,328.2,-0.10170095130808932,True
1973-01-06,328.4,0.07476288572195244,True
1973-01-13,328.4,0.05121309287318354,True
1973-01-20,328.6,0.2276496882777792,True
1973-01-27,328.8,0.40407269005720536,True
1973-02-03,329.1,0.6804821163221959,True
1973-02-10,329.5,1.0568779851727754,True
1973-02-17,329.6,1.1332603146983047,True
1973-02-24,329.7,1.2096291229771055,True
1973-03-03,329.9,1.3859844280771654,True
1973-03-10,330.1,1.5623262480555127,True
1973-03-17,330.5,1.938654600958273,True
1973-03-24,330.8,2.2149695048212266,True
1973-03-31,330.6,1.991270977669103,True
1973-04-07,331.2,2.5675590375159345,True
1973-04-14,331.1,2.4438337023652252,True
1973-04-21,331.9,3.220094990209361,True
1973-04-28,332.1,3.396342919030417,True
1973-05-05,332.2,3.4725775067993254,True
1973-05-12,332.3,3.5487987714766405,True
1973-05-19,332.6,3.8250067310119107,False
1973-05-26,332.5,3.7012014033440437,False
1973-06-02,332.2,3.377382806401215,False
1973-06-09,332.5,3.6535509581008228,False
1973-06-16,332.0,3.1297058763495897,False
1973-06-23,331.6,2.705847579043393,False
1973-06-30,331.4,2.481976084067469,False
1973-07-07,331.5,2.55809140929631,False
1973-07-14,331.0,2.0341935725935514,False
1973-07-21,330.0,1.0102825918122562,False
1973-07-28,330.1,1.08635848479463,False
1973-08-04,330.0,0.9624212693721006,False
1973-08-11,329.5,0.4384709633654893,False
1973-08-18,329.3,0.21450758458485097,False
1973-08-25,328.5,-0.6094688491706393,False
1973-09-01,328.4,-0.7334583201123905,False
1973-09-08,327.6,-1.557460810462544,False
1973-09-15,327.8,-1.381476302454189,False
1973-09-22,327.1,-2.1055047783308964,False
1973-09-29,326.6,-2.6295462203471516,False
1973-10-06,327.0,-2.25360061076816,True
1973-10-13,327.4,-1.8776679318697802,True
1973-10-20,327.4,-1.9017481659386135,True
1973-10-27,327.1,-2.2258412952721187,True
1973-11-03,327.5,-1.849947302178407,True
1973-11-10,328.0,-1.3740661689763556,True
1973-11-17,328.2,-1.1981978779955966,True
1973-11-24,328.5,-0.9223424115763805,True
1973-12-01,329.0,-0.44649975206993986,True
1973-12-08,328.7,-0.770669881838046,True
1973-12-15,328.6,-0.8948527832532136,True
1973-12-22,328.2,-1.3190484386988715,True
1973-12-29,328.7,-0.8432568305689756,True
1974-01-05,328.9,-0.6674779412683733,True
1974-01-12,329.2,-0.39171175321263263,True
1974-01-19,329.4,-0.21595824882791703,True
1974-01-26,329.8,0.15978258944869594,True
1974-02-02,330.5,0.8355107791693399,True
1974-02-09,330.8,1.1112263378757348,True
1974-02-16,330.6,0.8869292830984818,True
1974-02-23,330.6,0.862619632357621,True
1974-03-02,330.7,0.9382974031624371,True
1974-03-09,331.2,1.4139626130115062,True
1974-03-16,332.1,2.289615279392649,True
1974-03-23,332.0,2.165255419782852,True
1974-03-30,331.5,1.6408830516485295,True
1974-04-06,332.4,2.5164981924451126,True
1974-04-13,332.1,2.1921008596175966,True
1974-04-20,332.9,2.967691070599983,True
1974-04-27,333.1,3.1432688428157007,True
1974-05-04,332.9,2.918834193677185,False
1974-05-11,333.0,2.994387140586582,False
1974-05-18,333.2,3.1699277009348066,False
1974-05-25,332.8,2.7454558921024272,False
1974-06-01,332.9,2.8209717314589398,False
1974-06-08,332.0,1.896475236363358,False
1974-06-15,332.0,1.8719664241638156,False
1974-06-22,332.2,2.0474453121977376,False
1974-06-29,331.7,1.5229119177918164,False
1974-07-06,331.7,1.498366258262081,False
1974-07-13,331.2,0.9738083509136004,False
1974-07-20,330.4,0.14923821304097373,False
1974-07-27,331.0,0.7246558619278858,False
1974-08-03,330.0,-0.29993868515265376,False
1974-08-10,329.9,-0.4245454109384923,False
1974-08-17,329.2,-1.1491642981779933,False
1974-08-24,328.9,-1.4737953296304909,False
1974-08-31,328.1,-2.2984384880658126,False
1974-09-07,328.0,-2.423093756264848,False
1974-09-14,327.3,-3.147761117018945,False
1974-09-21,326.9,-3.5724405531303773,False
1974-09-28,327.3,-3.1971320474119693,True
1974-10-05,327.3,-3.221835582687504,True
1974-10-12,327.0,-3.5465511417913262,True
1974-10-19,327.5,-3.071278707568581,True
1974-10-26,327.7,-2.896018262875259,True
1974-11-02,327.9,-2.72076979057789,True
1974-11-09,328.0,-2.6455332735538946,True
1974-11-16,328.8,-1.8703086946913459,True
1974-11-23,328.6,-2.095096036889231,True
1974-11-30,328.7,-2.0198952830570533,True
1974-12-07,329.5,-1.2447064161151502,True
1974-12-14,329.7,-1.069529418994648,True
1974-12-21,329.8,-0.9943642746372916,True
1974-12-28,329.7,-1.1192109659957055,True
1975-01-04,329.9,-0.9440694760332349,True
1975-01-11,329.8,-1.0689397877237639,True
1975-01-18,330.2,-0.6938218840522268,True
1975-01-25,331.1,0.18128425198597142,True
1975-02-01,331.1,0.15637863738442093,True
1975-02-08,331.4,0.4314612891262186,True
1975-02-15,331.0,0.006532224183615654,True
1975-02-22,331.7,0.6815914595181312,True
1975-03-01,331.8,0.756639012080484,True
1975-03-08,331.6,0.5316748988107634,True
1975-03-15,331.9,0.8066991366382013,True
1975-03-22,332.2,1.0817117424814455,True
1975-03-29,332.5,1.35671273324823,True
1975-04-05,333.0,1.8317021258356476,True
1975-04-12,333.5,2.3066799371300704,True
1975-04-19,333.5,2.281646184007002,True
1975-04-26,333.1,1.8566008833313958,True
1975-05-03,333.9,2.631544051957235,True
1975-05-10,333.9,2.6064757067280198,True
1975-05-17,333.7,2.3813958644763034,True
1975-05-24,333.7,2.35630454202402,False
1975-05-31,334.1,2.7312017561822586,False
1975-06-07,333.8,2.4060875237514665,False
1975-06-14,333.3,1.880961861521314,False
1975-06-21,333.4,1.9558247862706253,False
1975-06-28,333.1,1.6306763147678112,False
1975-07-05,332.7,1.2055164637700955,False
1975-07-12,332.0,0.48034525002429973,False
1975-07-19,331.0,-0.5448373097336798,False
1975-07-26,331.5,-0.07003119877856534,False
1975-08-02,330.8,-0.7952364003958792,False
1975-08-09,330.7,-0.920452897881944,False
1975-08-16,330.3,-1.3456806745436438,False
1975-08-23,329.3,-2.370919713698811,False
1975-08-30,328.8,-2.896169998675873,False
1975-09-06,329.4,-2.321431512814115,False
1975-09-13,328.5,-3.2467042394633836,False
1975-09-20,328.0,-3.7719881619844955,False
1975-09-27,328.2,-3.5972832637488636,True
1975-10-04,328.0,-3.8225895281386215,True
1975-10-11,328.0,-3.847906938546714,True
1975-10-18,328.5,-3.3732354783767846,True
1975-10-25,328.8,-3.098575131043276,True
1975-11-01,329.3,-2.6239258799713525,True
1975-11-08,329.2,-2.749287708596853,True
1975-11-15,329.1,-2.874660600366383,True
1975-11-22,329.5,-2.50004453873737,True
1975-11-29,330.1,-1.9254395071778276,True
1975-12-06,330.3,-1.750845489166693,True
1975-12-13,330.5,-1.5762624681935336,True
1975-12-20,331.1,-1.0016904277586605,True
1975-12-27,331.2,-0.9271293513731393,True
1976-01-03,331.5,-0.6525792225587566,True
1976-01-10,331.5,-0.6780400248481442,True
1976-01-17,331.7,-0.5035117417845072,True
1976-01-24,331.8,-0.42899435692186216,True
1976-01-31,332.2,-0.054487853825094135,True
1976-02-07,332.1,-0.17999221606953597,True
1976-02-14,332.5,0.19449257275834952,True
1976-02-21,333.2,0.8689665290617654,True
1976-02-28,332.4,0.043429669232807555,True
1976-03-06,332.8,0.41788200965316946,True
1976-03-13,333.6,1.1923235666935739,True
1976-03-20,333.1,0.666754356713966,True
1976-03-27,334.3,1.8411743960637637,True
1976-04-03,334.7,2.2155837010815276,True
1976-04-10,334.2,1.6899822880950524,True
1976-04-17,334.4,1.8643701734213778,True
1976-04-24,334.5,1.9387473733669935,True
1976-05-01,334.7,2.1131139042273617,True
1976-05-08,334.3,1.687469782287394,True
1976-05-15,334.6,1.9618150238212024,True
1976-05-22,335.4,2.736149645092155,False
1976-05-29,334.8,2.1104736623529448,False
1976-06-05,334.3,1.5847870918454419,False
1976-06-12,334.6,1.8590899498008184,False
1976-06-19,334.3,1.5333822524394805,False
1976-06-26,333.95000000000005,1.157664015971136,False
1976-07-03,333.6,0.7819352565945792,False
1976-07-10,333.4,0.5561959904981677,False
1976-07-17,332.8,-0.0695537661405865,False
1976-07-24,332.4,-0.495313997155165,False
1976-07-31,332.1,-0.8210846863894403,False
1976-08-07,331.7,-1.2468658176982785,False
1976-08-14,330.6,-2.372657374947039,False
1976-08-21,330.6,-2.3984593420121314,False
1976-08-28,330.0,-3.0242717027804247,False
1976-09-04,329.7,-3.3500944411497358,False
1976-09-11,330.0,-3.075927541028477,False
1976-09-18,329.3,-3.801770986335839,False
1976-09-25,328.4,-4.7276247610018345,False
1976-10-02,328.8,-4.353488848967004,False
1976-10-09,329.0,-4.179363234182972,True
1976-10-16,329.6,-3.6052479006118006,True
1976-10-23,329.1,-4.131142832226374,True
1976-10-30,329.0,-4.25704801301049,True
1976-11-06,329.8,-3.4829634269583494,True
1976-11-13,330.4,-2.9088890580752036,True
1976-11-20,330.5,-2.834824890376865,True
1976-11-27,330.7,-2.660770907889969,True
1976-12-04,331.1,-2.2867270946518374,True
1976-12-11,331.3,-2.11269343471065,True
1976-12-18,331.9,-1.5386699121251581,True
1976-12-25,332.2,-1.2646565109649828,True
1977-01-01,332.5,-0.990653215310374,True
1977-01-08,332.4,-1.1166600092524845,True
1977-01-15,333.1,-0.4426768768930174,True
1977-01-22,333.2,-0.36870380234455524,True
1977-01-29,333.2,-0.3947407697303902,True
1977-02-05,333.4,-0.22078776318448945,True
1977-02-12,333.3,-0.3468447668516319,True
1977-02-19,333.4,-0.27291176488739666,True
1977-02-26,333.6,-0.09898874145778791,True
1977-03-05,334.1,0.3749243192599465,True
1977-03-12,334.6,0.8488274330782133,True
1977-03-19,335.1,1.3227206157985165,True
1977-03-26,335.0,1.196603883211651,True
1977-04-02,335.5,1.6704772510977364,True
1977-04-09,335.9,2.044340735226001,True
1977-04-16,336.0,2.1181943513551573,True
1977-04-23,336.1,2.192038115232947,True
1977-04-30,336.7,2.7658720425964134,True
1977-05-07,336.8,2.8396961491720276,True
1977-05-14,336.4,2.4135104506753464,True
1977-05-21,336.8,2.7873149628113083,False
1977-05-28,336.7,2.661109701273915,False
1977-06-04,336.4,2.3348946817466754,False
1977-06-11,336.3,2.2086699199022064,False
1977-06-18,336.1,1.9824354314024504,False
1977-06-25,336.0,1.8561912318984923,False
1977-07-02,335.5,1.3299373370308558,False
1977-07-09,335.1,0.9036737624292073,False
1977-07-16,335.1,0.8774005237124811,False
1977-07-23,334.6,0.35111763648893657,False
1977-07-30,333.7,-0.5751748836440811,False
1977-08-06,333.0,-1.3014770210996858,False
1977-08-13,332.9,-1.4277887603020076,False
1977-08-20,332.8,-1.5541100856856929,False
1977-08-27,332.8,-1.580440981696313,False
1977-09-03,332.1,-2.3067814327901033,False
1977-09-10,331.2,-3.2331314234339743,False
1977-09-17,332.1,-2.3594909381056937,False
1977-09-24,330.9,-3.5858599612936928,False
1977-10-01,330.4,-4.112238477497215,True
1977-10-08,330.9,-3.6386264712260754,True
1977-10-15,331.5,-3.06502392700105,True
1977-10-22,331.5,-3.0914308293534987,True
1977-10-29,331.7,-2.9178471628256943,True
1977-11-05,332.1,-2.5442729119703245,True
1977-11-12,332.0,-2.670708061351263,True
1977-11-19,332.5,-2.197152595542775,True
1977-11-26,332.8,-1.9236064991299031,True
1977-12-03,333.2,-1.5500697567086377,True
1977-12-10,333.5,-1.2765423528854853,True
1977-12-17,333.8,-1.0030242722778553,True
1977-12-24,334.2,-0.6295154995138432,True
1977-12-31,334.6,-0.2560160192321064,True
1978-01-07,334.2,-0.6825258160824319,True
1978-01-14,334.6,-0.3090448747249752,True
1978-01-21,335.4,0.4644268201691375,True
1978-01-28,335.9,0.9378892839182527,True
1978-02-04,335.0,0.011342531829711788,True
1978-02-11,335.1,0.08478657920034038,True
1978-02-18,335.6,0.55822144131605,True
1978-02-25,335.7,0.6316471334521339,True
1978-03-04,336.2,1.1050636708731076,True
1978-03-11,336.1,0.978471068832846,True
1978-03-18,336.8,1.651869342574173,True
1978-03-25,337.3,2.1252585073295336,True
1978-04-01,337.0,1.7986385783204355,True
1978-04-08,337.9,2.672009570757666,True
1978-04-15,337.9,2.6453714998413034,True
1978-04-22,337.4,2.1187243807607956,True
1978-04-29,338.0,2.692068228694609,True
1978-05-06,338.0,2.6654030588105684,True
1978-05-13,338.1,2.7387288862659034,True
1978-05-20,337.8,2.412045726206884,True
1978-05-27,337.9,2.485353593769105,False
1978-06-03,338.4,2.958652504077577,False
1978-06-10,338.2,2.7319424722464305,False
1978-06-17,337.8,2.305223513379019,False
1978-06-24,337.3,1.7784956425679752,False
1978-07-01,337.6,2.051758874895313,False
1978-07-08,336.7,1.1250132254321557,False
1978-07-15,336.7,1.0982587092389053,False
1978-07-22,335.9,0.2714953413653802,False
1978-07-29,335.6,-0.05527686314945868,False
1978-08-05,335.1,-0.5820578892774506,False
1978-08-12,334.8,-0.9088477220011555,False
1978-08-19,334.4,-1.3356463463138084,False
1978-08-26,334.3,-1.4624537472192856,False
1978-09-02,333.8,-1.9892699097324567,False
1978-09-09,332.8,-3.0160948188787415,False
1978-09-16,332.1,-3.742928459694383,False
1978-09-23,332.3,-3.569770817226356,False
1978-09-30,332.7,-3.1966218765323333,True
1978-10-07,332.1,-3.823481622680788,True
1978-10-14,332.4,-3.5503500407509136,True
1978-10-21,333.0,-2.977227115832477,True
1978-10-28,333.1,-2.9041128330263177,True
1978-11-04,333.5,-2.5310071774438256,True
1978-11-11,333.8,-2.2579101342070658,True
1978-11-18,333.8,-2.2848216884490284,True
1978-11-25,334.2,-1.9117418253132428,True
1978-12-02,334.5,-1.6386705299540267,True
1978-12-09,334.8,-1.3656077875366464,True
1978-12-16,335.1,-1.0925535832367927,True
1978-12-23,335.1,-1.119507902241196,True
1978-12-30,335.3,-0.9464707297470909,True
1979-01-06,335.3,-0.9734420509625465,True
1979-01-13,335.9,-0.4004218511064437,True
1979-01-20,336.8,0.4725898845917982,True
1979-01-27,336.9,0.5455931708917205,True
1979-02-03,336.9,0.5185880225424171,True
1979-02-10,336.5,0.0915744542821244,False
1979-02-17,336.7,0.26455248083823335,True
1979-02-24,336.7,0.23752211692760739,True
1979-03-03,337.1,0.6104833772561733,True
1979-03-10,337.7,1.1834362765192168,True
1979-03-17,337.4,0.856380829401246,True
1979-03-24,339.0,2.429317050576117,True
1979-03-31,338.8,2.2022449547068277,True
1979-04-07,338.1,1.475164556445634,True
1979-04-14,338.6,1.9480758704341952,True
1979-04-21,339.2,2.5209789113032457,True
1979-04-28,339.6,2.893873693673015,True
1979-05-05,339.3,2.56676023215266,True
1979-05-12,338.8,2.039638541340878,True
1979-05-19,339.8,3.0125086358255544,False
1979-05-26,339.6,2.785370530183741,False
1979-06-02,339.9,3.058224238981836,False
1979-06-09,339.5,2.6310697767755755,False
1979-06-16,338.9,2.0039071581097687,False
1979-06-23,338.9,1.9767363975185503,False
1979-06-30,339.0,2.049557509525414,False
1979-07-07,338.2,1.222370508642996,False
1979-07-14,337.8,0.7951754093733143,False
1979-07-21,337.3,0.26797222620740513,False
1979-07-28,336.8,-0.2592390263741322,False
1979-08-04,337.0,-0.08645833390164626,False
1979-08-11,336.5,-0.6136856819161949,False
1979-08-18,336.1,-1.0409210559694202,False
1979-08-25,334.5,-2.668164441623901,False
1979-09-01,334.4,-2.7954158244529594,False
1979-09-08,334.0,-3.222675190040434,False
1979-09-15,334.2,-3.0499425239811444,False
1979-09-22,333.2,-4.07721781188053,True
1979-09-29,334.1,-3.2045010393547955,True
1979-10-06,334.1,-3.2317921920308663,True
1979-10-13,333.9,-3.459091255546582,True
1979-10-20,333.7,-3.6863982155501276,True
1979-10-27,334.1,-3.313713057700795,True
1979-11-03,334.7,-2.7410357676685635,True
1979-11-10,334.8,-2.6683663311339956,True
1979-11-17,335.5,-1.9957047337885,True
1979-11-24,335.6,-1.9230509613341837,True
1979-12-01,335.9,-1.6504049994840102,True
1979-12-08,336.5,-1.077766833961448,True
1979-12-15,336.7,-0.9051364505009474,True
1979-12-22,336.8,-0.8325138348475889,True
1979-12-29,337.4,-0.2598989727572416,True
1980-01-05,337.6,-0.08729184999634754,True
1980-01-12,337.4,-0.31469245234239906,True
1980-01-19,338.3,0.5578992344166522,True
1980-01-26,338.4,0.6304832244820204,True
1980-02-02,338.0,0.20305953204410798,True
1980-02-09,338.1,0.2756281712827331,True
1980-02-16,338.6,0.7481891563667773,True
1980-02-23,338.2,0.32074250145444694,True
1980-03-01,339.3,1.393288220693421,True
1980-03-08,339.5,1.5658263282202824,True
1980-03-15,340.0,2.038356838161178,True
1980-03-22,340.5,2.5108797646312837,True
1980-03-29,341.0,2.9833951217352137,True
1980-04-05,340.4,2.3559029235667595,True
1980-04-12,340.9,2.8284031842089234,True
1980-04-19,340.7,2.6008959177341353,True
1980-04-26,341.0,2.873381138203854,True
1980-05-03,341.5,3.345858859668965,True
1980-05-10,341.3,3.118329096169532,True
1980-05-17,341.3,3.090791861734999,True
1980-05-24,340.9,2.6632471703838405,False
1980-05-31,341.7,3.4356950361240592,False
1980-06-07,341.3,3.0081354729528016,False
1980-06-14,341.3,2.9805684948563567,False
1980-06-21,340.8,2.452994115810384,False
1980-06-28,340.4,2.025412349779856,False
1980-07-05,340.4,1.9978232107189342,False
1980-07-12,339.7,1.2702267125710591,False
1980-07-19,338.5,0.04262286926888237,False
1980-07-26,338.9,0.4150116947343463,False
1980-08-02,337.9,-0.6126067971212592,False
1980-08-09,337.7,-0.8402325923975127,False
1980-08-16,337.7,-0.8678656772046907,False
1980-08-23,337.7,-0.8955060376638357,False
1980-08-30,337.0,-1.6231536599066203,False
1980-09-06,336.6,-2.050808530075585,False
1980-09-13,335.7,-2.978470634324026,False
1980-09-20,335.2,-3.5061399588157656,False
1980-09-27,336.0,-2.7338164897256547,True
1980-10-04,335.8,-2.9615002132390487,True
1980-10-11,335.8,-2.9891911155522166,True
1980-10-18,336.1,-2.7168891828720803,True
1980-10-25,336.4,-2.4445944014163388,True
1980-11-01,336.6,-2.2723067574132756,True
1980-11-08,336.9,-2.0000262371021904,True
1980-11-15,337.1,-1.8277528267328762,True
1980-11-22,337.3,-1.6554865125661422,True
1980-11-29,337.4,-1.5832272808731886,True
1980-12-06,337.7,-1.3109751179362092,True
1980-12-13,338.1,-0.9387300100480047,True
1980-12-20,338.3,-0.7664919435122783,True
1980-12-27,338.7,-0.39426090464331764,True
1981-01-03,338.9,-0.22203687976622177,True
1981-01-10,339.1,-0.04981985521669685,True
1981-01-17,339.3,0.1223901826584779,True
1981-01-24,339.3,0.09459324750218912,True
1981-01-31,339.5,0.26678935294631856,True
1981-02-07,340.5,1.238978512612107,True
1981-02-14,340.0,0.7111607401099604,True
1981-02-21,340.2,0.8833360490397126,True
1981-02-28,341.1,1.7555044529902943,True
1981-03-07,340.7,1.3276659655400067,True
1981-03-14,341.0,1.5998206002562938,True
1981-03-21,341.8,2.3719683706959813,True
1981-03-28,342.1,2.64410929040514,True
1981-04-04,342.4,2.9162433729189274,True
1981-04-11,342.4,2.8883706317620295,True
1981-04-18,342.7,3.160491080448196,True
1981-04-25,342.3,2.7326047324805245,True
1981-05-02,342.9,3.3047116013513005,True
1981-05-09,343.0,3.3768117005421914,True
1981-05-16,342.8,3.148905043523996,False
1981-05-23,342.7,3.0209916437568154,False
1981-05-30,342.7,2.9930715146900297,False
1981-06-06,342.6,2.8651446697622873,False
1981-06-13,342.5,2.7372111224013906,False
1981-06-20,341.8,2.0092708860246375,False
1981-06-27,341.6,1.781323974038287,False
1981-07-04,341.0,1.1533703998380815,False
1981-07-11,340.8,0.9254101768088958,False
1981-07-18,339.7,-0.20255668167504837,False
1981-07-25,340.2,0.26946983774973887,False
1981-08-01,339.5,-0.45851025156412106,False
1981-08-08,338.9,-1.0864969362746137,False
1981-08-15,338.4,-1.6144902030505364,False
1981-08-22,337.5,-2.5424900385713727,False
1981-08-29,337.7,-2.3704964295275204,False
1981-09-05,337.2,-2.898509362619791,False
1981-09-12,337.0,-3.126528824559955,False
1981-09-19,336.7,-3.454554802070618,False
1981-09-26,335.9,-4.2825872818849575,False
1981-10-03,336.3,-3.910626250746816,True
1981-10-10,336.6,-3.6386716954110057,True
1981-10-17,337.1,-3.1667236026429464,True
1981-10-24,337.2,-3.0947819592188353,True
1981-10-31,337.5,-2.8228467519255673,True
1981-11-07,337.8,-2.5509179675607925,True
1981-11-14,338.1,-2.278995592932972,True
1981-11-21,338.5,-1.9070796148612317,True
1981-11-28,339.3,-1.1351700201753943,True
1981-12-05,339.2,-1.263266795716163,True
1981-12-12,339.4,-1.0913699283348706,True
1981-12-19,339.6,-0.9194794048935364,True
1981-12-26,340.2,-0.34759521226521883,True
1982-01-02,340.2,-0.37571733733335577,True
1982-01-09,340.3,-0.30384576699225363,True
1982-01-16,340.7,0.0680195118529241,True
1982-01-23,341.1,0.43987851228644104,True
1982-01-30,341.2,0.5117312473817037,True
1982-02-06,341.9,1.1835777302014208,True
1982-02-13,341.1,0.3554179737976142,True
1982-02-20,341.1,0.3272519912114831,True
1982-02-27,342.1,1.2990797954735172,True
1982-03-06,342.6,1.7709013996034173,True
1982-03-13,342.6,1.7427168166102547,True
1982-03-20,342.7,1.8145260594922092,True
1982-03-27,342.8,1.8863291412369563,True
1982-04-03,342.9,1.9581260748211662,True
1982-04-10,343.3,2.329916873210948,True
1982-04-17,343.5,2.501701549361485,True
1982-04-24,344.2,3.1734801162174904,True
1982-05-01,343.8,2.745252586712752,True
1982-05-08,343.6,2.5170189737702913,False
1982-05-15,344.2,3.0887792903025115,False
1982-05-22,344.1,2.960533549210993,False
1982-05-29,344.1,2.932281763386584,False
1982-06-05,343.4,2.204023945709366,False
1982-06-12,343.5,2.2757601090488606,False
1982-06-19,343.4,2.147490266263503,False
1982-06-26,342.9,1.6192144302013958,False
1982-07-03,342.5,1.1909326136996583,False
1982-07-10,342.0,0.6626448295845648,False
1982-07-17,342.0,0.6343510906719416,False
1982-07-24,341.8,0.40605140976668963,False
1982-07-31,341.3,-0.12225420033706769,False
1982-08-07,340.5,-0.950565726855757,False
1982-08-14,340.0,-1.478883157016753,False
1982-08-21,339.7,-1.807206478058049,False
1982-08-28,338.3,-3.23553567722837,False
1982-09-04,338.8,-2.7638707417872297,False
1982-09-11,338.6,-2.9922116590049654,False
1982-09-18,337.8,-3.8205584161624984,False
1982-09-25,336.9,-4.748911000551573,True
1982-10-02,337.3,-4.377269399474585,False
1982-10-09,338.0,-3.7056336002448234,True
1982-10-16,337.6,-4.134003590186239,True
1982-10-23,337.9,-3.8623793566334825,True
1982-10-30,338.7,-3.090760886932003,True
1982-11-06,338.4,-3.419148168437914,True
1982-11-13,339.2,-2.6475411885182325,True
1982-11-20,339.7,-2.175939934550513,True
1982-11-27,339.8,-2.1043443939231565,True
1982-12-04,339.8,-2.13275455403533,True
1982-12-11,340.4,-1.5611704022969661,True
1982-12-18,340.7,-1.289591926128594,True
1982-12-25,340.8,-1.2180191129615423,True
1983-01-01,340.9,-1.1464519502379744,True
1983-01-08,341.4,-0.6748904254106947,True
1983-01-15,341.5,-0.6033345259432394,True
1983-01-22,341.2,-0.9317842393100477,True
1983-01-29,341.7,-0.46023955299602903,True
1983-02-05,342.0,-0.1887004544970523,True
1983-02-12,342.7,0.4828330686803497,True
1983-02-19,342.5,0.25436102901892355,True
1983-02-26,342.8,0.5258834389906042,True
1983-03-05,342.3,-0.0025996889433486103,True
1983-03-12,342.5,0.16891165766759286,True
1983-03-19,344.0,1.640417491263122,True
1983-03-26,343.8,1.4119178242723933,True
1983-04-02,344.0,1.5834126691134998,True
1983-04-09,344.8,2.3549020381941546,True
1983-04-16,345.0,2.526385943911066,True
1983-04-23,345.3,2.7978643986502902,True
1983-04-30,345.4,2.8693374147871396,True
1983-05-07,345.4,2.840805004686274,True
1983-05-14,345.7,3.1122671807014513,True
1983-05-21,345.8,3.183723955175765,False
1983-05-28,345.7,3.055175340441565,False
1983-06-04,345.6,2.926621348820561,False
1983-06-11,345.6,2.898061992623525,False
1983-06-18,345.0,2.2694972841506456,False
1983-06-25,344.9,2.1409272356912084,False
1983-07-02,344.7,1.9123518595240512,False
1983-07-09,344.5,1.683771167916973,False
1983-07-16,343.7,0.8551851731270972,False
1983-07-23,343.6,0.7265938874010089,False
1983-07-30,342.6,-0.30200267702576866,False
1983-08-06,343.0,0.06939549207180562,False
1983-08-13,341.7,-1.2592115930921182,False
1983-08-20,342.1,-0.887823920313906,False
1983-08-27,341.8,-1.2164414774010197,False
1983-09-03,339.9,-3.145064252171437,False
1983-09-10,339.9,-3.1736922324538455,False
1983-09-17,339.8,-3.302325406087732,False
1983-09-24,339.9,-3.23096376092343,False
1983-10-01,339.8,-3.3596072848217773,True
1983-10-08,339.7,-3.4882559656546164,True
1983-10-15,340.1,-3.1169097913042947,True
1983-10-22,340.2,-3.0455687496641417,True
1983-10-29,340.3,-2.9742328286379234,True
1983-11-05,340.8,-2.5029020161404105,True
1983-11-12,341.0,-2.3315763000970264,True
1983-11-19,341.1,-2.2602556684439037,True
1983-11-26,341.7,-1.6889401091280547,True
1983-12-03,341.8,-1.6176296101068601,True
1983-12-10,342.8,-0.6463241593489215,True
1983-12-17,343.3,-0.17502374483331096,True
1983-12-24,343.6,0.0962716454502015,True
1983-12-31,343.4,-0.13243797649914768,True
1984-01-07,343.7,0.13884740130743012,True
1984-01-14,343.4,-0.1898722091521563,True
1984-01-21,343.5,-0.11859679591077565,True
1984-01-28,344.1,0.45267365298809636,True
1984-02-04,344.3,0.6239391494900133,True
1984-02-11,344.5,0.795199705530024,True
1984-02-18,344.3,0.5664553330323656,True
1984-02-25,344.6,0.8377060439104298,True
1984-03-03,344.8,1.0089518500670351,True
1984-03-10,344.9,1.0801927633940522,True
1984-03-17,345.4,1.5514287957728925,True
1984-03-24,345.6,1.7226599590740648,True
1984-03-31,345.96000000000004,2.053886265157246,True
1984-04-07,346.32,2.3851077258714213,True
1984-04-14,346.68,2.716324353055029,True
1984-04-21,347.03999999999996,3.047536158535479,True
1984-04-28,347.4,3.3787431541297224,True
1984-05-05,347.4,3.3499453516437825,True
1984-05-12,347.7,3.621142762872921,False
1984-05-19,347.3,3.1923353996018022,False
1984-05-26,347.0,2.863523273604244,False
1984-06-02,347.0,2.834706396643355,False
1984-06-09,347.0,2.8058847804715015,False
1984-06-16,346.8,2.5770584368303275,False
1984-06-23,346.3,2.0482273774507007,False
1984-06-30,346.2,1.9193916140527563,False
1984-07-07,345.8,1.4905511583459656,False
1984-07-14,345.4,1.0617060220288863,False
1984-07-21,345.2,0.832856216789537,False
1984-07-28,344.4,0.004001754305022587,False
1984-08-04,344.0,-0.4248573537580569,False
1984-08-11,344.1,-0.353721095744163,False
1984-08-18,343.1,-1.3825894600083188,False
1984-08-25,342.0,-2.5114624349162114,False
1984-09-01,341.6,-2.94034000884443,False
1984-09-08,340.6,-3.969222170180217,False
1984-09-15,341.3,-3.2981089073215912,True
1984-09-22,341.3,-3.327000208677248,True
1984-09-29,340.8,-3.855896062666659,True
1984-10-06,341.1,-3.584796457720074,True
1984-10-13,341.3,-3.413701382278475,True
1984-10-20,341.9,-2.84261082479361,True
1984-10-27,341.6,-3.1715247737277537,True
1984-11-03,342.0,-2.800443217554232,True
1984-11-10,342.6,-2.2293661447569093,True
1984-11-17,343.1,-1.7582935438304617,True
1984-11-24,343.7,-1.1872254032803653,True
1984-12-01,343.6,-1.3161617116226125,True
1984-12-08,343.9,-1.045102457384246,True
1984-12-15,344.2,-0.7740476291028244,True
1984-12-22,344.5,-0.5029972153266158,True
1984-12-29,344.5,-0.5319512046149271,True
1985-01-05,344.7,-0.3609095855374562,True
1985-01-12,345.0,-0.0898723466748379,True
1985-01-19,345.0,-0.11883947661834782,True
1985-01-26,345.0,-0.147810963970187,True
1985-02-02,345.9,0.7232132026569502,True
1985-02-09,345.5,0.2942330346394897,True
1985-02-16,345.8,0.5652485433431593,True
1985-02-23,346.3,1.03625974012283,True
1985-03-02,346.7,1.407266636322845,True
1985-03-09,347.1,1.778269243276668,True
1985-03-16,347.5,2.1492675723069397,True
1985-03-23,347.7,2.320261634725796,True
1985-03-30,348.2,2.791251441834504,True
1985-04-06,348.0,2.5622370049234746,True
1985-04-13,348.0,2.533218335272636,True
1985-04-20,348.5,3.0041954441509233,True
1985-04-27,348.8,3.2751683428166984,True
1985-05-04,348.8,3.246137042517489,True
1985-05-11,349.3,3.7171015544901707,True
1985-05-18,349.1,3.488061889960761,False
1985-05-25,348.1,2.459018060144615,False
1985-06-01,349.0,3.3299700762463544,False
1985-06-08,348.4,2.7009179494598357,False
1985-06-15,348.2,2.4718616909681828,False
1985-06-22,347.9,2.142801311943799,False
1985-06-29,347.4,1.6137368235482654,False
1985-07-06,346.9,1.0846682369325436,False
1985-07-13,346.8,0.9555955632368409,False
1985-07-20,346.4,0.5265188135903713,False
1985-07-27,345.7,-0.20256200088800824,False
1985-08-03,345.2,-0.7316468690904117,False
1985-08-10,344.7,-1.260735779919628,False
1985-08-17,344.5,-1.4898287222892463,False
1985-08-24,344.3,-1.7189256851234518,False
1985-08-31,343.7,-2.3480266573574227,False
1985-09-07,344.2,-1.8771316279368193,False
1985-09-14,343.3,-2.8062405858181023,False
1985-09-21,342.4,-3.735353519968669,False
1985-09-28,342.1,-4.06447041936633,False
1985-10-05,342.4,-3.793591273000004,False
1985-10-12,342.5,-3.7227160698690227,True
1985-10-19,343.1,-3.151844798983575,True
1985-10-26,343.2,-3.0809774493647524,True
1985-11-02,343.3,-3.010114010044049,True
1985-11-09,343.7,-2.6392544700640883,True
1985-11-16,344.2,-2.1683988184779537,True
1985-11-23,344.6,-1.7975470443494714,True
1985-11-30,345.3,-1.126699136753416,True
1985-12-07,345.3,-1.155855084775169,True
1985-12-14,345.6,-0.8850148775108551,True
1985-12-21,345.1,-1.4141785040672517,True
1985-12-28,346.3,-0.24334595356214095,True
1986-01-04,346.4,-0.1725172151237757,True
1986-01-11,346.0,-0.6016922778911749,True
1986-01-18,346.2,-0.4308711310142712,True
1986-01-25,346.4,-0.26005376365367283,True
1986-02-01,346.2,-0.48924016498062883,True
1986-02-08,346.8,0.0815696758227773,True
1986-02-15,347.1,0.35237576956376415,True
1986-02-22,347.2,0.42317812703879554,True
1986-03-01,347.0,0.1939767590335464,True
1986-03-08,346.6,-0.23522832367689261,True
1986-03-15,347.2,0.33556288967156434,True
1986-03-22,349.1,2.2063504098325666,True
1986-03-29,348.8,1.8771342475487813,True
1986-04-05,349.2,2.2479144135522233,True
1986-04-12,349.4,2.4186909185642094,True
1986-04-19,349.3,2.2894637732953242,True
1986-04-26,350.2,3.160232988445273,True
1986-05-03,349.9,2.8309985747031305,True
1986-05-10,350.1,3.00176054274732,True
1986-05-17,350.2,3.0725189032452818,False
1986-05-24,350.1,2.9432736668539405,False
1986-05-31,350.1,2.914024844219284,False
1986-06-07,349.7,2.4847724459767733,False
1986-06-14,349.5,2.255516482750977,False
1986-06-21,349.4,2.1262569651557897,False
1986-06-28,348.9,1.5969939037943277,False
1986-07-05,348.6,1.267727309259044,False
1986-07-12,347.7,0.3384571921314432,False
1986-07-19,347.6,0.20918356298261642,False
1986-07-26,347.4,-0.02009356762744119,False
1986-08-02,346.6,-0.8493741891491027,False
1986-08-09,346.2,-1.2786582910438256,False
1986-08-16,345.5,-2.007945862783629,False
1986-08-23,345.6,-1.9372368938512636,False
1986-08-30,345.2,-2.366531373740372,False
1986-09-06,345.0,-2.595829291955056,False
1986-09-13,345.3,-2.325130638010421,False
1986-09-20,344.4,-3.2544354014322607,False
1986-09-27,344.5,-3.18374357175702,False
1986-10-04,343.9,-3.8130551385319222,False
1986-10-11,344.1,-3.6423700913148878,True
1986-10-18,343.9,-3.871688419674797,True
1986-10-25,344.5,-3.301010113190955,True
1986-11-01,345.1,-2.7303351614535813,True
1986-11-08,345.3,-2.559663554063718,True
1986-11-15,345.6,-2.2889952806328893,True
1986-11-22,345.7,-2.218330330783658,True
1986-11-29,346.4,-1.5476686941490811,True
1986-12-06,346.9,-1.0770103603730945,True
1986-12-13,346.7,-1.3063553191102528,True
1986-12-20,346.9,-1.1357035600261156,True
1986-12-27,347.0,-1.0650550727966106,True
1987-01-03,347.6,-0.49440984710872726,True
1987-01-10,348.3,0.17623212733997207,True
1987-01-17,348.2,0.046870860841124795,True
1987-01-24,347.9,-0.28249363632431823,True
1987-01-31,348.0,-0.21186135388614957,True
1987-02-07,347.9,-0.3412322815850075,True
1987-02-14,348.2,-0.07060640917217142,True
1987-02-21,348.5,0.2000162735903359,True
1987-02-28,349.4,1.0706357769297483,True
1987-03-07,348.8,0.4412521110625107,True
1987-03-14,349.2,0.8118652861942905,True
1987-03-21,349.7,1.282475312520205,True
1987-03-28,350.2,1.753082200224469,True
1987-04-04,350.8,2.323685959480599,True
1987-04-11,350.2,1.694286600451278,True
1987-04-18,351.1,2.564884133288672,True
1987-04-25,351.3,2.735478568133942,True
1987-05-02,351.4,2.806069915117746,True
1987-05-09,352.0,3.376658184359826,True
1987-05-16,351.7,3.0472433859693524,False
1987-05-23,351.9,3.217825530044479,False
1987-05-30,351.7,2.9884046266729456,False
1987-06-06,351.6,2.8589806859316127,False
1987-06-13,351.1,2.3295537178864834,False
1987-06-20,351.0,2.2001237325929424,False
1987-06-27,350.9,2.0706907400956425,False
1987-07-04,349.7,0.8412547504285044,False
1987-07-11,349.8,0.9118157736145918,False
1987-07-18,348.8,-0.11762618033361605,False
1987-07-25,349.5,0.5529288985855487,False
1987-08-01,349.0,0.023481020362964955,False
1987-08-08,348.1,-0.9059698050211864,False
1987-08-15,348.6,-0.43542356759741097,False
1987-08-22,348.0,-1.0648802574070828,False
1987-08-29,346.7,-2.3943398645021716,False
1987-09-05,347.0,-2.12380237894547,False
1987-09-12,346.6,-2.5532677908104233,False
1987-09-19,346.2,-2.982736090181504,False
1987-09-26,345.8,-3.4122072671535193,True
1987-10-03,345.7,-3.541681311832292,True
1987-10-10,346.3,-2.9711582143342525,True
1987-10-17,346.5,-2.800637964786688,True
1987-10-24,346.8,-2.5301205533274924,True
1987-10-31,346.9,-2.4596059701054287,True
1987-11-07,347.3,-2.0890942052798778,True
1987-11-14,347.6,-1.818585249021055,True
1987-11-21,348.1,-1.3480790915099305,True
1987-11-28,348.7,-0.7775757229380815,True
1987-12-05,348.6,-0.9070751335079308,True
1987-12-12,348.8,-0.7365773134326901,True
1987-12-19,349.1,-0.46608225293618943,True
1987-12-26,349.2,-0.39558994225308197,True
1988-01-02,349.7,0.07489962837126996,True
1988-01-09,350.2,0.5453864686807606,True
1988-01-16,350.2,0.5158705884086316,True
1988-01-23,350.7,0.9863519972771542,True
1988-01-30,351.2,1.4568307049980262,True
1988-02-06,351.8,2.027306721272282,True
1988-02-13,351.3,1.497780055790031,True
1988-02-20,351.5,1.668250718230695,True
1988-02-27,352.5,2.6387187182630214,True
1988-03-05,352.8,2.9091840655449914,True
1988-03-12,351.8,1.87964676972382,True
1988-03-19,351.7,1.7501068404359899,True
1988-03-26,352.2,2.2205642873072406,True
1988-04-02,353.1,3.091019119952591,True
1988-04-09,353.5,3.4614713479762713,True
1988-04-16,353.1,3.031920980971904,True
1988-04-23,354.0,3.902368028522176,True
1988-04-30,354.2,4.072812500199177,True
1988-05-07,353.7,3.5432544055641984,True
1988-05-14,354.3,4.113693754167855,True
1988-05-21,354.5,4.284130555549837,False
1988-05-28,354.2,3.9545648192393514,False
1988-06-04,354.1,3.824996554754705,False
1988-06-11,354.2,3.8954257716034704,False
1988-06-18,353.6,3.2658524792825574,False
1988-06-25,353.1,2.736276687278064,False
1988-07-02,353.0,2.6066984050652877,False
1988-07-09,352.5,2.0771176421089876,False
1988-07-16,352.6,2.147534407863077,False
1988-07-23,351.9,1.4179487117705776,False
1988-07-30,351.1,0.5883605632640752,False
1988-08-06,350.9,0.35876997176507075,False
1988-08-13,350.3,-0.2708230533153255,False
1988-08-20,350.4,-0.20041850257712213,False
1988-08-27,349.6,-1.0300163666306048,False
1988-09-03,349.3,-1.3596166360972575,False
1988-09-10,348.7,-1.9892193016090687,False
1988-09-17,348.9,-1.8188243538087931,False
1988-09-24,348.1,-2.6484317833498494,True
1988-10-01,348.8,-1.9780415808965586,True
1988-10-08,348.8,-2.0076537371239738,True
1988-10-15,348.6,-2.2372682427177324,True
1988-10-22,349.4,-1.4668850883743403,True
1988-10-29,349.2,-1.6965042648009785,True
1988-11-05,349.7,-1.2261257627156397,True
1988-11-12,349.8,-1.1557495728469007,True
1988-11-19,350.1,-0.8853756859343207,True
1988-11-26,350.4,-0.6150040927280997,True
1988-12-03,350.5,-0.5446347839890109,True
1988-12-10,351.0,-0.07426775048872969,True
1988-12-17,351.6,0.4960970169902339,True
1988-12-24,351.3,0.16645952765486527,True
1988-12-31,352.4,1.2368197907011904,True
1989-01-07,352.7,1.5071778153147193,True
1989-01-14,352.9,1.6775336106700252,True
1989-01-21,352.5,1.2478871859310061,True
1989-01-28,353.0,1.7182385502508737,False
1989-02-04,352.8,1.4885877127719596,True
1989-02-11,352.6,1.2589346826260908,True
1989-02-18,353.2,1.8292794689340326,True
1989-02-25,353.4,1.9996220808060912,True
1989-03-04,353.1,1.669962527341795,True
1989-03-11,353.4,1.9403008176296908,True
1989-03-18,353.5,2.010636960747945,True
1989-03-25,354.4,2.8809709657636517,True
1989-04-01,354.5,2.9513028417334226,True
1989-04-08,355.0,3.42163259770291,True
1989-04-15,355.4,3.791960242707205,True
1989-04-22,356.0,4.362285785770609,True
1989-04-29,355.9,4.232609235906523,True
1989-05-06,355.3,3.602930602117965,False
1989-05-13,355.8,4.073249893396792,False
1989-05-20,355.6,3.8435671187244225,False
1989-05-27,355.7,3.913882287071374,False
1989-06-03,355.8,3.9841954073975216,False
1989-06-10,355.0,3.1545064886519754,False
1989-06-17,354.8,2.9248155397730784,False
1989-06-24,354.9,2.9951225696883625,False
1989-07-01,354.5,2.5654275873148435,False
1989-07-08,354.7,2.7357306015586005,False
1989-07-15,353.8,1.8060316213149576,False
1989-07-22,353.1,1.0763306554686665,False
1989-07-29,353.2,1.146627712893462,False
1989-08-05,352.6,0.5169228024527683,False
1989-08-12,352.2,0.08721593299884489,False
1989-08-19,351.1,-1.042492886626519,False
1989-08-26,350.4,-1.7722036475925051,False
1989-09-02,350.7,-1.501916341078811,False
1989-09-09,350.2,-2.0316309582759686,False
1989-09-16,349.4,-2.861347490385299,False
1989-09-23,349.3,-2.9910659286187524,False
1989-09-30,349.7,-2.6207862641991255,True
1989-10-07,349.9,-2.450508488359901,True
1989-10-14,349.7,-2.6802325923453054,True
1989-10-21,350.2,-2.209958567410297,True
1989-10-28,350.4,-2.0396864048206567,True
1989-11-04,350.6,-1.8694160958527277,True
1989-11-11,351.2,-1.2991476317938577,True
1989-11-18,351.6,-0.9288810039418536,True
1989-11-25,351.4,-1.1586162036055043,True
1989-12-02,352.0,-0.5883532221041037,True
1989-12-09,352.1,-0.5180920507678479,True
1989-12-16,352.4,-0.24783268093779043,True
1989-12-23,352.5,-0.17757510396529597,True
1989-12-30,353.4,0.6926806887870498,True
1990-01-06,353.4,0.6629347059461566,True
1990-01-13,353.5,0.7331869561282929,True
1990-01-20,353.8,1.0034374479387225,True
1990-01-27,353.9,1.0736861899720793,True
1990-02-03,354.1,1.2439331908124132,True
1990-02-10,355.0,2.1141784590328143,True
1990-02-17,354.8,1.8844220031957093,True
1990-02-24,354.7,1.754663831852838,True
1990-03-03,355.7,2.7249039535451516,True
1990-03-10,354.9,1.8951423768028235,True
1990-03-17,355.8,2.765379110145375,True
1990-03-24,355.1,2.035614162081515,True
1990-03-31,355.9,2.8058475411092445,True
1990-04-07,356.1,2.976079255715831,True
1990-04-14,355.9,2.746309314377754,True
1990-04-21,356.6,3.416537725560829,True
1990-04-28,356.1,2.886764497720037,True
1990-05-05,357.3,4.056989639299729,True
1990-05-12,357.0,3.7272131587333774,True
1990-05-19,356.9,3.5974350644438005,False
1990-05-26,357.1,3.767655364843222,False
1990-06-02,357.0,3.637874068332735,False
1990-06-09,356.6,3.208091183303111,False
1990-06-16,355.6,2.178306718134081,False
1990-06-23,355.5,2.048520681194816,False
1990-06-30,355.7,2.2187330808437196,False
1990-07-07,355.5,1.988943925428316,False
1990-07-14,354.0,0.4591532232855684,False
1990-07-21,354.5,0.9293609827415708,False
1990-07-28,354.7,1.099567212111765,False
1990-08-04,353.5,-0.13022808029916177,False
1990-08-11,353.2,-0.4600248861973455,False
1990-08-18,352.9,-0.7898231972995973,False
1990-08-25,352.0,-1.7196230053334602,False
1990-09-01,350.9,-2.849424302037221,False
1990-09-08,350.7,-3.079227079159864,False
1990-09-15,351.3,-2.509031328461276,False
1990-09-22,350.9,-2.938837041711963,True
1990-09-29,350.9,-2.9686442106930713,True
1990-10-06,351.1,-2.7984528271966838,True
1990-10-13,351.0,-2.9282628830255817,True
1990-10-20,351.4,-2.5580743699932214,True
1990-10-27,351.4,-2.5878872799237342,True
1990-11-03,352.1,-1.9177016046521658,True
1990-11-10,352.6,-1.447517336024191,True
1990-11-17,353.0,-1.0773344658963424,True
1990-11-24,353.1,-1.0071529861356794,True
1990-12-01,353.6,-0.5369728886201415,True
1990-12-08,354.0,-0.16679416523851387,True
1990-12-15,353.8,-0.39661680789004095,True
1990-12-22,354.5,0.2735591915150053,True
1990-12-29,354.8,0.5437338410558255,True
1991-01-05,354.2,-0.08609285119928245,True
1991-01-12,354.7,0.38407912280740675,True
1991-01-19,354.8,0.45424977112270426,True
1991-01-26,355.0,0.6244191017827916,True
1991-02-02,355.2,0.7945871228130841,True
1991-02-09,355.2,0.764753842228231,True
1991-02-16,356.4,1.9349192680321607,True
1991-02-23,355.8,1.3050834082181382,True
1991-03-02,356.4,1.8752462707684572,True
1991-03-09,357.2,2.6454078636550094,True
1991-03-16,357.6,3.0155681948386928,True
1991-03-23,356.9,2.2857272722696393,True
1991-03-30,357.9,3.255885103887465,True
1991-04-06,358.3,3.626041697620906,True
1991-04-13,357.8,3.0961970613878407,True
1991-04-20,359.1,4.3663512030956895,True
1991-04-27,359.2,4.436504130640856,True
1991-05-04,359.1,4.306655851909227,True
1991-05-11,358.9,4.076806374775742,False
1991-05-18,360.0,5.146955707104837,False
1991-05-25,359.0,4.117103856749964,False
1991-06-01,358.5,3.587250831553945,False
1991-06-08,358.4,3.4573966393489286,False
1991-06-15,358.2,3.227541287956228,False
1991-06-22,358.1,3.097684785186459,False
1991-06-29,357.7,2.6678271388394137,False
1991-07-06,357.2,2.1379683567043344,False
1991-07-13,356.5,1.4081084465594813,False
1991-07-20,355.2,0.07824741617253039,False
1991-07-27,355.3,0.14838527330044826,False
1991-08-03,354.8,-0.3814779743107124,False
1991-08-10,354.6,-0.6113423189254945,False
1991-08-17,353.7,-1.5412077528192185,False
1991-08-24,353.0,-2.271074268277914,False
1991-08-31,353.2,-2.100941857598457,False
1991-09-07,353.0,-2.330810513088295,False
1991-09-14,352.1,-3.260680227065791,False
1991-09-21,351.8,-3.5905509918599705,False
1991-09-28,351.6,-3.820422799810501,False
1991-10-05,351.7,-3.750295643268089,True
1991-10-12,352.1,-3.3801695145937174,True
1991-10-19,352.5,-3.0100444061596363,True
1991-10-26,352.7,-2.8399203103484183,True
1991-11-02,353.4,-2.169797219553516,True
1991-11-09,353.7,-1.8996751261792042,True
1991-11-16,353.5,-2.129554022640434,True
1991-11-23,353.8,-1.859433901362877,True
1991-11-30,354.3,-1.3893147547829585,True
1991-12-07,354.5,-1.219196575347894,True
1991-12-14,354.9,-0.8490793555155278,True
1991-12-21,355.2,-0.5789630877545164,True
1991-12-28,355.5,-0.30884776454433904,True
1992-01-04,355.6,-0.2387333783750023,True
1992-01-11,356.0,0.13138007825250497,True
1992-01-18,356.1,0.2014926128266552,True
1992-01-25,355.9,-0.02839576717502723,True
1992-02-01,356.0,0.04171494571454559,True
1992-02-08,356.7,0.7118247589513658,True
1992-02-15,357.3,1.281933679981023,True
1992-02-22,356.9,0.8520417162379772,True
1992-02-29,356.5,0.42214887514637667,True
1992-03-07,357.3,1.1922551641193309,True
1992-03-14,357.8,1.6623605905593308,True
1992-03-21,358.1,1.9324651618580901,True
1992-03-28,358.4,2.202568885396488,True
1992-04-04,358.5,2.272671768544967,True
1992-04-11,358.9,2.6427738186628744,True
1992-04-18,359.7,3.4128750430990067,True
1992-04-25,359.2,2.882975449191406,True
1992-05-02,359.6,3.253075044267348,True
1992-05-09,359.7,3.323173835643331,True
1992-05-16,358.6,2.1932718306252355,True
1992-05-23,359.6,3.1633690365080156,False
1992-05-30,360.2,3.733465460575985,False
1992-06-06,360.0,3.503561110102794,False
1992-06-13,359.4,2.873655992351246,False
1992-06-20,358.7,2.143750114573436,False
1992-06-27,358.4,1.8138434840107038,False
1992-07-04,358.4,1.7839361078937372,False
1992-07-11,357.2,0.5540279934423324,False
1992-07-18,356.3,-0.37588085213434397,False
1992-07-25,356.1,-0.6057904216379484,False
1992-08-01,354.9,-1.8357007078808465,False
1992-08-08,355.3,-1.4656117036859655,False
1992-08-15,355.3,-1.4955234018873398,False
1992-08-22,354.5,-2.3254357953294402,False
1992-08-29,354.3,-2.5553488768675265,False
1992-09-05,353.5,-3.3852626393677383,False
1992-09-12,353.6,-3.315177075706856,False
1992-09-19,352.3,-4.645092178772359,False
1992-09-26,352.7,-4.275007941462604,False
1992-10-03,353.6,-3.404924356686479,True
1992-10-10,353.3,-3.7348414173638957,True
1992-10-17,353.2,-3.864759116425205,True
1992-10-24,353.5,-3.5946774468117155,True
1992-10-31,353.5,-3.624596401475401,True
1992-11-07,353.9,-3.254515973379,True
1992-11-14,353.8,-3.384436155495848,True
1992-11-21,354.5,-2.714356940810262,True
1992-11-28,354.6,-2.6442783223171773,True
1992-12-05,354.8,-2.474200293022193,True
1992-12-12,355.3,-2.004122845941822,True
1992-12-19,355.4,-1.934045974103185,True
1992-12-26,355.9,-1.4639696705441452,True
1993-01-02,356.2,-1.1938939283133436,True
1993-01-09,356.9,-0.5238187404701762,True
1993-01-16,356.7,-0.7537441000848162,True
1993-01-23,356.6,-0.8836700002379985,True
1993-01-30,357.0,-0.5135964340215082,True
1993-02-06,356.6,-0.9435233945375217,True
1993-02-13,357.2,-0.37345087489927664,True
1993-02-20,357.3,-0.3033788682304248,True
1993-02-27,357.6,-0.033307367665656784,True
1993-03-06,358.3,0.6367636336498208,True
1993-03-13,358.5,0.8068341425598646,True
1993-03-20,358.1,0.37690416589776987,True
1993-03-27,358.8,1.0469737104859291,True
1993-04-03,359.1,1.3170427831361167,True
1993-04-10,358.8,0.9871113906493747,True
1993-04-17,359.4,1.5571795398158201,True
1993-04-24,360.0,2.1272472374151903,True
1993-05-01,359.6,1.6973144902160584,True
1993-05-08,359.7,1.7673813049764817,True
1993-05-15,360.7,2.737447688443865,False
1993-05-22,360.6,2.607513647354665,False
1993-05-29,360.3,2.277579188434686,False
1993-06-05,359.7,1.6476443183989886,False
1993-06-12,359.9,1.817709043951936,False
1993-06-19,359.3,1.1877733717871592,False
1993-06-26,359.1,0.9578373085875,False
1993-07-03,357.9,-0.27209913897513616,False
1993-07-10,358.0,-0.2020359642390872,False
1993-07-17,358.1,-0.131973160553855,False
1993-07-24,356.6,-1.6619107212795825,False
1993-07-31,356.5,-1.7918486397871902,False
1993-08-07,355.8,-2.5217869094581147,False
1993-08-14,355.9,-2.451725523684786,False
1993-08-21,354.9,-3.481664475870275,False
1993-08-28,354.7,-3.7116037594283284,False
1993-09-04,354.3,-4.141543367783584,False
1993-09-11,353.2,-5.2714832943713645,False
1993-09-18,353.8,-4.701423532637591,True
1993-09-25,353.8,-4.731364076039142,True
1993-10-02,353.8,-4.761304918043493,True
1993-10-09,353.8,-4.7912460521288835,True
1993-10-16,354.0,-4.621187471784424,True
1993-10-23,354.4,-4.251129170509785,True
1993-10-30,354.3,-4.381071141815369,True
1993-11-06,354.7,-4.011013379222504,True
1993-11-13,355.1,-3.6409558762630923,True
1993-11-20,355.6,-3.170898626479925,True
1993-11-27,356.0,-2.800841623426379,True
1993-12-04,356.2,-2.6307848606666084,True
1993-12-11,356.5,-2.36072833177559,True
1993-12-18,356.9,-1.9906720303389989,True
1993-12-25,357.5,-1.4206159499531736,True
1994-01-01,358.1,-0.8505600842253216,True
1994-01-08,358.1,-0.8805044267733138,True
1994-01-15,358.4,-0.6104489712258214,True
1994-01-22,358.3,-0.7403937112221115,True
1994-01-29,358.7,-0.37033864041239895,True
1994-02-05,358.4,-0.7002837524574375,True
1994-02-12,358.6,-0.5302290410288037,True
1994-02-19,359.0,-0.16017449980898846,True
1994-02-26,359.6,0.4098798775091268,True
1994-03-05,358.7,-0.5200659027784127,True
1994-03-12,359.8,0.549988165613911,True
1994-03-19,360.4,1.1200420889607585,True
1994-03-26,360.8,1.4900958735262293,True
1994-04-02,360.6,1.2601495255634632,True
1994-04-09,361.0,1.6302030513148225,True
1994-04-16,361.0,1.6002564570122217,True
1994-04-23,361.3,1.8703097488766502,True
1994-04-30,362.2,2.7403629331183197,True
1994-05-07,361.6,2.110416015936778,False
1994-05-14,361.4,1.8804690035207727,False
1994-05-21,361.7,2.1505219020484105,False
1994-05-28,361.9,2.3205747176869522,False
1994-06-04,361.0,1.3906274565929948,False
1994-06-11,361.0,1.360680124912335,False
1994-06-18,360.9,1.2307327287799694,False
1994-06-25,360.7,1.0007852743204353,False
1994-07-02,360.2,0.47083776764714,False
1994-07-09,359.9,0.1408902148630773,False
1994-07-16,359.4,-0.3890573779397073,False
1994-07-23,359.0,-0.8190050046797523,False
1994-07-30,358.8,-1.048952659286499,False
1994-08-06,358.1,-1.7789003357000865,False
1994-08-13,357.5,-2.4088480278712723,False
1994-08-20,357.6,-2.338795729761614,False
1994-08-27,356.3,-3.668743435343572,False
1994-09-03,356.4,-3.5986911386001452,False
1994-09-10,356.4,-3.6286388335250876,False
1994-09-17,355.4,-4.658586514122931,False
1994-09-24,355.5,-4.588534174409006,True
1994-10-01,355.4,-4.718481808409365,True
1994-10-08,355.8,-4.3484294101607475,True
1994-10-15,356.0,-4.1783769737106695,True
1994-10-22,356.3,-3.908324493117334,True
1994-10-29,356.6,-3.638271962449778,True
1994-11-05,356.9,-3.3682193757878167,True
1994-11-12,357.4,-2.898166727221735,True
1994-11-19,357.9,-2.4281140108528234,True
1994-11-26,358.1,-2.2580612207930244,True
1994-12-03,358.4,-1.9880083511650923,True
1994-12-10,359.1,-1.317955396102377,True
1994-12-17,359.2,-1.247902349749097,True
1994-12-24,359.1,-1.377849206260123,True
1994-12-31,359.5,-1.0077959598011716,True
1995-01-07,359.6,-0.937742604548589,True
1995-01-14,360.2,-0.36768913468949904,True
1995-01-21,360.1,-0.4976355444217688,True
1995-01-28,360.0,-0.6275818279541454,True
1995-02-04,360.6,-0.05752797950577815,True
1995-02-11,361.0,0.31252600669313324,True
1995-02-18,360.8,0.08258013640170248,True
1995-02-25,361.3,0.552634415368459,True
1995-03-04,362.2,1.4226888493309389,True
1995-03-11,361.2,0.3927434440162756,True
1995-03-18,360.9,0.06279820514049561,True
1995-03-25,362.0,1.1328531384092457,True
1995-04-01,363.8,2.902908249517054,True
1995-04-08,363.4,2.4729635441480013,True
1995-04-15,363.3,2.3430190279753447,True
1995-04-22,362.8,1.8130747066614958,False
1995-04-29,363.5,2.483130585858305,False
1995-05-06,363.2,2.153186671206754,True
1995-05-13,364.1,3.023242968337115,True
1995-05-20,364.1,2.993299482868906,True
1995-05-27,363.4,2.2633562204109126,False
1995-06-03,363.9,2.733413186561279,False
1995-06-10,363.4,2.20347038690727,False
1995-06-17,362.9,1.6735278270254526,False
1995-06-24,362.8,1.543585512481684,False
1995-07-01,362.5,1.2136434488310215,False
1995-07-08,362.2,0.8837016416177903,False
1995-07-15,361.9,0.5537600963756972,False
1995-07-22,361.5,0.12381881862756927,False
1995-07-29,360.9,-0.50612218611451,False
1995-08-05,360.4,-1.0360629123490526,False
1995-08-12,359.2,-2.2660033545854503,False
1995-08-19,358.7,-2.79594350734385,False
1995-08-26,359.2,-2.3258833651549935,False
1995-09-02,357.3,-4.255822922560469,False
1995-09-09,358.5,-3.0857621741126877,False
1995-09-16,358.5,-3.115701114374531,False
1995-09-23,358.2,-3.4456397379199757,False
1995-09-30,357.5,-4.175578039333345,True
1995-10-07,357.6,-4.105516013210092,False
1995-10-14,357.6,-4.135453654156208,True
1995-10-21,358.0,-3.7653909567883375,True
1995-10-28,358.2,-3.595327915734117,True
1995-11-04,359.1,-2.7252645256315873,True
1995-11-11,359.4,-2.4552007811299745,True
1995-11-18,359.6,-2.285136676888783,True
1995-11-25,359.8,-2.115072207578578,True
1995-12-02,360.1,-1.8450073678804984,True
1995-12-09,360.4,-1.574942152486642,True
1995-12-16,360.5,-1.5048765560994184,True
1995-12-23,360.8,-1.2348105734324122,True
1995-12-30,361.7,-0.3647441992098379,True
1996-01-06,361.8,-0.29467742816638065,True
1996-01-13,362.0,-0.12461025504791223,True
1996-01-20,362.1,-0.05454267461067275,True
1996-01-27,362.2,0.015525318378138309,True
1996-02-03,362.6,0.3855937291407372,True
1996-02-10,363.1,0.8556625628884831,True
1996-02-17,363.0,0.7257318248219349,True
1996-02-24,364.0,1.6958015201311696,True
1996-03-02,363.8,1.4658716539952934,True
1996-03-09,363.6,1.2359422315827828,True
1996-03-16,364.1,1.7060132580512573,True
1996-03-23,364.5,2.0760847385477064,True
1996-03-30,364.3,1.8461566782083878,True
1996-04-06,364.5,2.0162290821586453,True
1996-04-13,364.8,2.2863019555134088,True
1996-04-20,364.4,1.856375303376467,True
1996-04-27,365.1,2.526449130841229,True
1996-05-04,364.9,2.2965234429901216,True
1996-05-11,365.3,2.666598244894942,True
1996-05-18,365.7,3.0366735416167216,True
1996-05-25,365.4,2.706749338205782,False
1996-06-01,364.8,2.0768256397016103,False
1996-06-08,365.1,2.346902451133076,False
1996-06-15,365.2,2.4169797775181223,False
1996-06-22,365.0,2.187057623864291,False
1996-06-29,364.3,1.4571359951679597,False
1996-07-06,364.1,1.2272148964151484,False
1996-07-13,363.7,0.7972943325807478,False
1996-07-20,363.3,0.3673743086293939,False
1996-07-27,362.8,-0.16254517048548678,False
1996-08-03,361.7,-1.292464099820961,False
1996-08-10,362.1,-0.9223824744448166,False
1996-08-17,361.2,-1.8523002894357887,False
1996-08-24,360.8,-2.2822175398830495,False
1996-08-31,360.8,-2.312134220886776,False
1996-09-07,359.8,-3.3420503275577857,False
1996-09-14,359.8,-3.371965855017663,False
1996-09-21,359.0,-4.201880798398577,False
1996-09-28,359.0,-4.231795152843688,False
1996-10-05,359.4,-3.8617089135067317,True
1996-10-12,359.5,-3.7916220755522545,True
1996-10-19,359.8,-3.5215346341554437,True
1996-10-26,359.8,-3.5514465845024006,True
1996-11-02,359.9,-3.4813579217898223,True
1996-11-09,360.5,-2.911268641225149,True
1996-11-16,360.7,-2.74117873802669,True
1996-11-23,361.2,-2.271088207423361,True
1996-11-30,361.4,-2.1009970446548323,True
1996-12-07,361.9,-1.6309052449715864,True
1996-12-14,362.6,-0.9608128036347807,True
1996-12-21,362.4,-1.1907197159164298,True
1996-12-28,362.6,-1.02062597709903,True
1997-01-04,362.9,-0.750531582476242,True
1997-01-11,363.0,-0.6804365273519579,True
1997-01-18,363.1,-0.6103408070411547,True
1997-01-25,363.5,-0.2402444168695297,True
1997-02-01,363.2,-0.5701473521733647,True
1997-02-08,364.1,0.29995039170023574,True
1997-02-15,364.0,0.17004881939328698,True
1997-02-22,364.2,0.34014793553734535,True
1997-03-01,364.5,0.6102477447530532,True
1997-03-08,364.1,0.18034825165034363,True
1997-03-15,364.1,0.1504494608283835,True
1997-03-22,364.7,0.7205513768755623,True
1997-03-29,365.4,1.390654004369651,True
1997-04-05,365.8,1.760757347877643,True
1997-04-12,366.2,2.1308614119557205,True
1997-04-19,366.6,2.5009662011494243,True
1997-04-26,366.7,2.5710717199933697,True
1997-05-03,366.7,2.541177973011713,False
1997-05-10,366.8,2.611284964717697,False
1997-05-17,367.0,2.7813926996137184,False
1997-05-24,366.6,2.3515011821917255,False
1997-05-31,366.3,2.0216104169326172,False
1997-06-07,365.7,1.3917204083067531,False
1997-06-14,365.6,1.261831160773795,False
1997-06-21,365.5,1.1319426787823659,False
1997-06-28,365.1,0.7020549667707314,False
1997-07-05,365.0,0.5721680291661073,False
1997-07-12,364.6,0.14228187038520446,False
1997-07-19,364.1,-0.38760350516622566,False
1997-07-26,363.8,-0.7174880930929817,False
1997-08-02,363.3,-1.2473718890107648,False
1997-08-09,363.3,-1.2772548885458832,False
1997-08-16,362.6,-2.0071370873354795,False
1997-08-23,361.5,-3.137018481027326,False
1997-08-30,361.6,-3.0668990652800403,False
1997-09-06,360.6,-4.096778835763018,False
1997-09-13,360.2,-4.526657788156228,False
1997-09-20,360.0,-4.756535918150462,False
1997-09-27,359.8,-4.986413221447378,True
1997-10-04,360.5,-4.316289693759131,True
1997-10-11,360.4,-4.446165330808867,True
1997-10-18,361.0,-3.87604012833026,True
1997-10-25,361.1,-3.8059140820678863,True
1997-11-01,361.7,-3.235787187776964,True
1997-11-08,362.1,-2.8656594412234426,True
1997-11-15,362.0,-2.995530838184152,True
1997-11-22,362.6,-2.4254013744464373,True
1997-11-29,363.5,-1.5552710458085812,True
1997-12-06,363.9,-1.1851398480795865,True
1997-12-13,363.9,-1.2150077770789949,True
1997-12-20,364.2,-0.944874828637353,True
1997-12-27,365.0,-0.17474099859583703,True
1998-01-03,365.2,-0.00460628280632136,True
1998-01-10,365.3,0.06552932286859914,True
1998-01-17,365.3,0.035665822555415616,True
1998-01-24,365.3,0.005803220370012241,True
1998-01-31,365.6,0.27594152041757525,True
1998-02-07,366.0,0.6460807267924906,True
1998-02-14,365.5,0.11622084357833273,True
1998-02-21,366.0,0.5863618748480235,True
1998-02-28,367.3,1.8565038246638323,True
1998-03-07,367.0,1.5266466970770125,True
1998-03-14,366.6,1.096790496128392,True
1998-03-21,367.4,1.866935225847783,True
1998-03-28,368.5,2.9370808902544923,True
1998-04-04,368.6,3.007227493356936,True
1998-04-11,368.6,2.9773750391528893,True
1998-04-18,368.0,2.3475235316292355,True
1998-04-25,368.9,3.217672974762195,True
1998-05-02,369.1,3.3878233725174596,True
1998-05-09,368.8,3.057974728849615,True
1998-05-16,368.5,2.728127047702685,True
1998-05-23,369.6,3.798280333010041,False
1998-05-30,369.7,3.8684345886941287,False
1998-06-06,369.4,3.5385898186667646,False
1998-06-13,368.8,2.908746026829135,False
1998-06-20,368.5,2.5789032170713426,False
1998-06-27,368.3,2.3490613932730753,False
1998-07-04,368.0,2.0192205593031076,False
1998-07-11,367.5,1.4893807190196071,False
1998-07-18,367.6,1.559541876269975,False
1998-07-25,367.3,1.2297040348906307,False
1998-08-01,366.8,0.6998671987076364,False
1998-08-08,366.4,0.27003137153599255,False
1998-08-15,365.6,-0.5598034428197707,False
1998-08-22,365.6,-0.5896372405661623,False
1998-08-29,364.2,-2.0194700179201845,False
1998-09-05,364.7,-1.5493017711096968,False
1998-09-12,363.9,-2.379132496373245,False
1998-09-19,363.5,-2.8089621899600843,False
1998-09-26,363.6,-2.73879084813035,True
1998-10-03,364.0,-2.3686184671548745,True
1998-10-10,364.1,-2.2984450433150982,True
1998-10-17,364.4,-2.0282705729033523,True
1998-10-24,364.4,-2.0580950522225976,True
1998-10-31,364.7,-1.7879184775866293,True
1998-11-07,365.0,-1.5177408453199632,True
1998-11-14,365.4,-1.1475621517577679,True
1998-11-21,365.8,-0.7773823932460004,True
1998-11-28,366.0,-0.607201566141498,True
1998-12-05,366.4,-0.2370196668117046,True
1998-12-12,366.7,0.033163308365317334,True
1998-12-19,367.3,0.6033473630005233,True
1998-12-26,367.3,0.5735325006942844,True
1999-01-02,367.5,0.7437187250361035,True
1999-01-09,367.8,1.013906039604933,True
1999-01-16,367.8,0.9840944479687437,True
1999-01-23,368.3,1.4542839536850352,True
1999-01-30,369.2,2.3244745603002457,True
1999-02-06,369.1,2.1946662713505134,False
1999-02-13,368.8,1.86485909036071,True
1999-02-20,369.0,2.0350530208453392,True
1999-02-27,368.5,1.505248066308127,True
1999-03-06,368.1,1.075444230241942,True
1999-03-13,369.5,2.4456415161288874,True
1999-03-20,370.2,3.115839927440504,True
1999-03-27,370.6,3.486039467637454,True
1999-04-03,371.1,3.956240140169598,True
1999-04-10,371.5,4.326441948476258,False
1999-04-17,371.0,3.796644895985935,True
1999-04-24,370.3,3.0668489861162698,False
1999-05-01,370.8,3.5370542222742642,False
1999-05-08,371.3,4.007260607856267,False
1999-05-15,371.0,3.6774681462476337,False
1999-05-22,370.8,3.4476768408232488,False
1999-05-29,370.3,2.9178866949471285,False
1999-06-05,370.9,3.4880977119725003,False
1999-06-12,370.3,2.85830989524203,False
1999-06-19,369.9,2.4285232480874015,False
1999-06-26,369.9,2.398737773829737,False
1999-07-03,369.4,1.8689534757793922,False
1999-07-10,370.1,2.539170357235946,False
1999-07-17,369.5,1.9093884214881882,False
1999-07-24,368.6,0.9796076718142785,False
1999-07-31,367.4,-0.25017188851848005,False
1999-08-07,367.6,-0.07995025625331209,False
1999-08-14,366.7,-1.009727428144572,False
1999-08-21,366.4,-1.3395034009569144,False
1999-08-28,366.1,-1.669278171465919,False
1999-09-04,364.1,-3.6990517364581024,False
1999-09-11,364.7,-3.128824092730497,False
1999-09-18,365.2,-2.658595237090765,False
1999-09-25,364.7,-3.1883651663576416,True
1999-10-02,364.5,-3.418133877360333,True
1999-10-09,365.0,-2.947901366938879,True
1999-10-16,364.9,-3.0776676319441094,True
1999-10-23,365.6,-2.407432669237437,True
1999-10-30,365.7,-2.3371964756913144,True
1999-11-06,366.2,-1.866959048188562,True
1999-11-13,366.7,-1.3967203836230624,True
1999-11-20,366.6,-1.5264804788990887,True
1999-11-27,367.1,-1.056239330932101,True
1999-12-04,367.4,-0.7859969366480186,True
1999-12-11,368.0,-0.2157532929833792,True
1999-12-18,368.0,-0.24550839688583892,True
1999-12-25,368.2,-0.07526224531341086,True
2000-01-01,368.6,0.29498516476490977,True
2000-01-08,368.5,0.1652338363693957,True
2000-01-15,369.0,0.6354837725097582,True
2000-01-22,369.8,1.4057349761847604,True
2000-01-29,369.2,0.7759874503825017,True
2000-02-05,369.1,0.6462411980805314,True
2000-02-12,369.6,1.116496222245246,True
2000-02-19,369.3,0.7867525258326395,True
2000-02-26,369.5,0.957010111787838,True
2000-03-04,370.0,1.4272689830452805,True
2000-03-11,370.0,1.3975291425286969,True
2000-03-18,370.9,2.267790593150835,True
2000-03-25,370.7,2.0380533378140626,True
2000-04-01,370.9,2.2083173794097775,True
2000-04-08,371.7,2.978582720818622,True
2000-04-15,371.8,3.048849364910666,True
2000-04-22,372.0,3.2191173145450307,True
2000-04-29,371.3,2.489386572570311,True
2000-05-06,371.2,2.359657141824073,False
2000-05-13,371.7,2.829929025133538,True
2000-05-20,371.9,3.0002022253148084,True
2000-05-27,371.8,2.870476745173562,True
2000-06-03,371.9,2.9407525875043916,False
2000-06-10,371.6,2.611029755091522,False
2000-06-17,371.7,2.6813082507081276,False
2000-06-24,371.3,2.251588077116878,False
2000-07-01,370.8,1.721869237069427,False
2000-07-08,370.0,0.8921517333070028,False
2000-07-15,370.2,1.0624355685599198,False
2000-07-22,369.7,0.5327207455477492,False
2000-07-29,369.0,-0.19699273302063602,False
2000-08-05,368.7,-0.5267048644471402,False
2000-08-12,368.3,-0.9564156460443201,False
2000-08-19,367.7,-1.5861250751356124,False
2000-08-26,367.1,-2.2158331490550722,False
2000-09-02,367.2,-2.1455398651476116,False
2000-09-09,366.7,-2.6752452207687156,False
2000-09-16,366.2,-3.204949213284806,False
2000-09-23,366.2,-3.234651840072843,False
2000-09-30,366.4,-3.064353098520769,True
2000-10-07,366.3,-3.194052986026918,True
2000-10-14,366.6,-2.923751500000776,True
2000-10-21,366.7,-2.853448637862357,True
2000-10-28,367.3,-2.2831443970423493,True
2000-11-04,367.6,-2.0128387749822423,True
2000-11-11,368.0,-1.6425317691343366,True
2000-11-18,368.6,-1.072223376961631,True
2000-11-25,368.3,-1.401913595937856,True
2000-12-02,369.0,-0.7316024235474856,True
2000-12-09,369.6,-0.16128985728562384,True
2000-12-16,369.3,-0.4909758946583338,True
2000-12-23,369.5,-0.3206605331823198,True
2000-12-30,369.8,-0.05034377038492721,True
2001-01-06,369.8,-0.08002560380441537,True
2001-01-13,370.2,0.29029396901034943,True
2001-01-20,369.9,-0.03938504950031074,True
2001-01-27,370.8,0.8309373430932965,True
2001-02-03,371.3,1.3012611492098927,True
2001-02-10,371.1,1.0715863712577516,True
2001-02-17,371.7,1.6419130116341307,True
2001-02-24,371.2,1.1122410727257375,True
2001-03-03,372.2,2.082570556908479,True
2001-03-10,372.2,2.052901466547439,True
2001-03-17,372.1,1.9232338039972205,True
2001-03-24,371.8,1.5935675716013407,True
2001-03-31,372.0,1.7639027716927558,True
2001-04-07,372.7,2.43423940659369,True
2001-04-14,372.7,2.4045774786156358,True
2001-04-21,373.0,2.6749169900592733,True
2001-04-28,372.7,2.3452579432146194,True
2001-05-05,373.7,3.315600340360902,True
2001-05-12,373.9,3.4859441837666054,True
2001-05-19,373.7,3.2562894756894707,False
2001-05-26,373.9,3.4266362183765295,False
2001-06-02,373.8,3.296984414064127,False
2001-06-09,373.1,2.5673340649777288,False
2001-06-16,372.8,2.2376851733320677,False
2001-06-23,372.9,2.3080377413313045,False
2001-06-30,372.7,2.0783917711686968,False
2001-07-07,372.1,1.4487472650268955,False
2001-07-14,371.3,0.6191042250776491,False
2001-07-21,371.2,0.4894626534820645,False
2001-07-28,370.6,-0.14017744760946016,False
2001-08-04,369.9,-0.8698160760574183,False
2001-08-11,369.5,-1.2994532297327623,False
2001-08-18,369.3,-1.5290889065174724,False
2001-08-25,369.0,-1.8587231043042038,False
2001-09-01,368.4,-2.488355820996219,False
2001-09-08,368.2,-2.7179870545076596,False
2001-09-15,368.0,-2.947616802763264,False
2001-09-22,367.4,-3.577245063698797,False
2001-09-29,367.4,-3.6068718352603355,True
2001-10-06,367.8,-3.2364971154050295,True
2001-10-13,367.6,-3.4661209021007835,True
2001-10-20,368.1,-2.995743193326007,True
2001-10-27,368.7,-2.42536398707,True
2001-11-03,368.7,-2.4549832813327725,True
2001-11-10,368.8,-2.384601074125044,True
2001-11-17,369.7,-1.5142173634684468,True
2001-11-24,370.3,-0.9438321473950282,True
2001-12-01,370.3,-0.9734454239479078,True
2001-12-08,370.8,-0.5030571911807442,True
2001-12-15,371.2,-0.1326674471580418,True
2001-12-22,371.3,-0.062276189954900474,True
